Workbook

Sheet Auditoría
A1: Nro. Orden | B1: Tipo de orden | C1: Centros de costos | D1: Contabilizada | E1: Fecha de la orden | F1: Status de documento | G1: Equipo | H1: Nombre Equipo | I1: Tarea | J1: Control | K1: Estado Tarea | L1: Tipo de Hallazgo | M1: Detalle | N1: Descarga | O1: Estados Control | P1: Estados OK
A2: 35573 | B2: Correctivo | C2: BSAS | D2: No | E2: 46176 | F2: O | G2: AF066NT | H2: TECTOR EVO 170E28 | I2: Se Colocó Portadocumento Nuevo | J2: OK Contabilizar | K2: Terminada | L2: 2) Desconexión de material (Falta 'PORTADOCUMENTOS') | M2: Materiales cargados no coinciden: LAMPARA 24V 5W (C/CULOTE) - NEOLUX | N2: 46234
A3: 36119 | B3: Correctivo | C3: SRAF | D3: No | E3: 46177 | F3: O | G3: OAF635 | H3: 16-BDAS. VOLC. 3 EJES | I3: Cambiar rueda completa remolque en taller | J3: =VLOOKUP(A3,[1]Auditoría!$A$2:$J$312,10,FALSE) -> Falta Consumos | K3: Terminada | L3: 3) Planificado sin Salida física (Salidas = 0) | M3: Materiales planificados con Salida Cero: RECAPADO NEUMATICO 295 | N3: 46234 | O3: 46231
A4: 35407 | B4: Correctivo | C4: CIUD | D4: No | E4: 46180 | F4: O | G4: HQM968 | H4: 1318 | I4: Cambiar Maquina levanta Cristal Der | J4: =VLOOKUP(A4,[1]Auditoría!$A$2:$J$312,10,FALSE) -> Falta Material | K4: Terminada | L4: 2) Desconexión de material (Falta 'NEUMATICO', 'RUEDA') | M4: Materiales cargados no coinciden: LAMPARA 24V 5W (C/CULOTE) - NEOLUX, MANIJA ALZA CRISTALES MB 1720/1620/1634/1318 (A 688 760 70 02) - RGL (2146G), TORNILLO FIX PARA MADERA 6X40, TORNILLO PUNTA DE MECHA 8 x 3/4, PORTA LAMPARA PARA FARO COLGANTE DOBLE/SIMPLE 1035/6 (AMBAR/AMBAR) SIN CABLE - BAIML, COLIZA IZQ AXOR/ATEGO (A 958 722 00 25) - LISGOM, MAQUINA ALZA CRISTALES DER MB 1318/1624/1620/1720 (A 688 720 76 46) - RGL (56611D), BALDE GRASA LUBRIGON X 20 KG, CINTA DE TELA SUJETA CABLES 19MM X ROLLO, ACEITE 15W40 XV300 X 205LT (TAMBOR), TORNILLO PUNTA MECHA CABEZA HEXAGONAL 5/16 X 1" X UN | N4: 46234 | O4: 46231
A5: 35828 | B5: Correctivo | C5: SRAF | D5: No | E5: 46188 | F5: O | G5: AD267VH | H5: FORD CARGO 1519-48 | I5: Cambiar codo de admision del turbo | J5: =VLOOKUP(A5,[1]Auditoría!$A$2:$J$312,10,FALSE) -> OK, Contabilizar | K5: Terminada | L5: 2) Desconexión de material (Falta 'MANGUERA', 'BULBO') | M5: Materiales cargados no coinciden: FILTRO DE AIRE FORD CARGO 1519/48 - WIX WA 10529, CODO DE ENTREDA DE TOMA DE AIRE FORD CARGO 1519/48 - RESERPLASTIC (001222) | N5: 46234 | O5: 46231 | P5: OK
A6: 36086 | B6: Correctivo | C6: BSAS | D6: No | E6: 46189 | F6: O | G6: OJG072 | H6: 32-CORT. LAT. 3 EJES-1 | I6: Cambio Lampara de Posicion | J6: =VLOOKUP(A6,[1]Auditoría!$A$2:$J$312,10,FALSE) -> Falta Consumos | K6: Terminada | L6: 3) Planificado sin Salida física (Salidas = 0) | M6: Materiales planificados con Salida Cero: LAMPARA 24V 5W (S/CULOTE) - NEOLUX | N6: 46234 | O6: 46231
A7: 36401 | B7: Correctivo | C7: BSAS | D7: No | E7: 46189 | F7: O | G7: OJG063 | H7: ATRON 1720 | I7: Cambiar Lamparas 24V 21/5w Varias | J7: =VLOOKUP(A7,[1]Auditoría!$A$2:$J$312,10,FALSE) -> Falta Salia Material | K7: Terminada | L7: 3) Planificado sin Salida física (Salidas = 0) | M7: Materiales planificados con Salida Cero: LAMPARA 12V 21W/5W (DOS POLOS) | N7: 46234 | O7: 46231
A8: 36002 | B8: Correctivo | C8: CIUD | D8: No | E8: 46191 | F8: O | G8: AF371BG | H8: PALETERO S.PA.3E.71 2+1 | I8: Cambiar Sensor de Valvulas de 6 Vias | J8: =VLOOKUP(A8,[1]Auditoría!$A$2:$J$312,10,FALSE) -> Falta Material | K8: Terminada | L8: 1) Orden sin repuestos asignados | M8: Ningún material cargado en la orden | N8: 46234 | O8: 46231
A9: 36436 | B9: Correctivo | C9: BSAS | D9: No | E9: 46194 | F9: O | G9: HQM968 | H9: 1318 | I9: Cambiar lamparas | J9: =VLOOKUP(A9,[1]Auditoría!$A$2:$J$312,10,FALSE) -> Falta Consumos | K9: Terminada | L9: 3) Planificado sin Salida física (Salidas = 0) | M9: Materiales planificados con Salida Cero: LAMPARA 24V 21W | N9: 46234 | O9: 46231
A10: 36348 | B10: Correctivo | C10: CIUD | D10: No | E10: 46197 | F10: O | G10: KMF921 | H10: FTHDCFW3 | I10: Colocar chapa Semi C/Remaches Lateral Izquierdo | J10: =VLOOKUP(A10,[1]Auditoría!$A$2:$J$312,10,FALSE) -> OK, Contabilizar | K10: Terminada | L10: 2) Desconexión de material (Falta 'TORNILO') | M10: Materiales cargados no coinciden: SIKAFLEX 221 x 600ml (SALCHICHA), CHAPA GALVANIZADA 0.30X16.50 MTS (ESPESOR 0.7) X UN, CHAPA GALVANIZADA 0.30X16.50 MTS (ESPESOR 0.7) X UN, SIKAFLEX 221 x 600ml (SALCHICHA) | N10: 46234 | O10: 46231 | P10: OK
A11: 36348 | B11: Correctivo | C11: CIUD | D11: No | E11: 46197 | F11: O | G11: KMF921 | H11: FTHDCFW3 | I11: Colocar chapa Semi C/Remaches Lateral Derecho | J11: =VLOOKUP(A11,[1]Auditoría!$A$2:$J$312,10,FALSE) -> OK, Contabilizar | K11: Terminada | L11: 2) Desconexión de material (Falta 'TORNILO') | M11: Materiales cargados no coinciden: SIKAFLEX 221 x 600ml (SALCHICHA), CHAPA GALVANIZADA 0.30X16.50 MTS (ESPESOR 0.7) X UN, CHAPA GALVANIZADA 0.30X16.50 MTS (ESPESOR 0.7) X UN, SIKAFLEX 221 x 600ml (SALCHICHA) | N11: 46234 | O11: 46231 | P11: OK
A12: 36348 | B12: Correctivo | C12: CIUD | D12: No | E12: 46197 | F12: O | G12: KMF921 | H12: FTHDCFW3 | I12: Limpio Laterales de interior de Semi para Colocar Silicona | J12: =VLOOKUP(A12,[1]Auditoría!$A$2:$J$312,10,FALSE) -> OK, Contabilizar | K12: Terminada | L12: 2) Desconexión de material (Falta 'SILICONA') | M12: Materiales cargados no coinciden: SIKAFLEX 221 x 600ml (SALCHICHA), CHAPA GALVANIZADA 0.30X16.50 MTS (ESPESOR 0.7) X UN, CHAPA GALVANIZADA 0.30X16.50 MTS (ESPESOR 0.7) X UN, SIKAFLEX 221 x 600ml (SALCHICHA) | N12: 46234 | O12: 46231 | P12: OK
A13: 36355 | B13: Correctivo | C13: CIUD | D13: No | E13: 46198 | F13: O | G13: KBO542 | H13: AXOR 1933 | I13: Cambiar Flexible De Escape | J13: =VLOOKUP(A13,[1]Auditoría!$A$2:$J$312,10,FALSE) -> Falta Consumo | K13: Terminada | L13: 3) Planificado sin Salida física (Salidas = 0) | M13: Materiales planificados con Salida Cero: FLEXIBLE DE TUBO DE ESCAPE MB 1933 (A 958 490 00 65) ORIGINAL | N13: 46234 | O13: 46231
A14: 36373 | B14: Correctivo | C14: BSAS | D14: No | E14: 46198 | F14: O | G14: AF639HB | H14: TECTOR EVO 170E28 | I14: Cambiar Luz De Carroceria | J14: =VLOOKUP(A14,[1]Auditoría!$A$2:$J$312,10,FALSE) -> Falta Consumos | K14: Terminada | L14: 2) Desconexión de material (Falta 'LUZ', 'CARROCERIA') | M14: Materiales cargados no coinciden: CABLE TIPO TALLER DE 2 X 1,5 MM, PRECINTOS GRETEL 400X4,8MM X 100 UNI, TORNILLO AUTOPERFORANTE 8X1 1/4 (PUNTA MECHA) X UN, FUSIBLE 10 AMP - GENROD, FARO LED 48W - 15 X 4 X 5 CM - INFINITY TECH, CINTA AISLADORA NEGRA 19MMx20Mx0.15MM 3M 165 TEMFLEX, FARO LED BAIML 1035 COLOR ROJO, LLAVE 1 PUNTO T/M. BENZ, BALDE GRASA LUBRIGON X 20 KG, ARANDELAS PLANAS DE 6MM | N14: 46234 | O14: 46231
A15: 36373 | B15: Correctivo | C15: BSAS | D15: No | E15: 46198 | F15: O | G15: AF639HB | H15: TECTOR EVO 170E28 | I15: Cambio Tecla De Luz | J15: =VLOOKUP(A15,[1]Auditoría!$A$2:$J$312,10,FALSE) -> Falta Consumos | K15: Terminada | L15: 2) Desconexión de material (Falta 'LUZ') | M15: Materiales cargados no coinciden: CABLE TIPO TALLER DE 2 X 1,5 MM, PRECINTOS GRETEL 400X4,8MM X 100 UNI, TORNILLO AUTOPERFORANTE 8X1 1/4 (PUNTA MECHA) X UN, FUSIBLE 10 AMP - GENROD, FARO LED 48W - 15 X 4 X 5 CM - INFINITY TECH, CINTA AISLADORA NEGRA 19MMx20Mx0.15MM 3M 165 TEMFLEX, FARO LED BAIML 1035 COLOR ROJO, LLAVE 1 PUNTO T/M. BENZ, BALDE GRASA LUBRIGON X 20 KG, ARANDELAS PLANAS DE 6MM | N15: 46234 | O15: 46231
A16: 36604 | B16: Correctivo | C16: BSAS | D16: No | E16: 46198 | F16: O | G16: NIE152 | H16: ATRON 1720 | I16: Cambiar Espejo Lado Der | J16: =VLOOKUP(A16,[1]Auditoría!$A$2:$J$312,10,FALSE) -> Falta Consumos | K16: Terminada | L16: 3) Planificado sin Salida física (Salidas = 0) | M16: Materiales planificados con Salida Cero: ESPEJO DERECHO - (SP 1602) | N16: 46234 | O16: 46231
A17: 36705 | B17: Correctivo | C17: MNZA | D17: No | E17: 46198 | F17: O | G17: GUW657 | H17: 1624 | I17: Colocar Tapa de Cilindro | J17: =VLOOKUP(A17,[1]Auditoría!$A$2:$J$312,10,FALSE) -> Aclarar si es cambio, ver falta Junta tapa de Valvulas | K17: No iniciada | L17: 2) Desconexión de material (Falta 'CILINDRO', 'FUELLE') | M17: Materiales cargados no coinciden: ROTOR NPT 3/4" - CORTO (2361), ARANDELA ALUMINIO 20MM, JUNTA BASE DE RADIADOR DE ACEITE MB 1725 (A 926 188 00 80) - ORIGINAL, ORING DE REFRIGERACION DE ACEITE MB AXOR 1933 (A 000 188 33 80) - PAMPA, CONECTOR BOMBA DE AGUA 904/906 MB 1624/1725 (A 936 203 33 36) ORIGINAL, CORREA 8PK 1380, TENSOR DE CORREA MB 1624 (A 906 200 67 70) ORIGINAL, REGULADOR DE VOLTAJE ALTERNADOR 24V 80 AMP F00M 144 123 BOSCH, FILTRO DE AIRE APU - MANN TB1374/13X, JUEGO DE JUNTA DESCARBONIZACION MB 1933 (A 926 010 35 20) ORIGINAL, LIJA AL AGUA 230x280 GR200, LIJA AL AGUA 230x280 GR120, REPARACION DE COMPRESOR DE AIRE TAPA CORTA(ART. REPARADO), REPARACION DE VALVULA PEDALERA MB 1933/1725 (ART. REPARADO), REPARACION DE VALVULA DE SECADO (ART. REPARADO), CAÑO POLIAMIDA DE 1/2"" X MT, CABLE UNIPOLAR DE 2,5MM X MT, ARANDELA DE ALUMINIO 12MM, PRECINTOS 400X7,2MM X 100 UNI - RODA, PRECINTOS 400X7,2MM X 100 UNI - RODA, LAMPARA 24V 5W (S/CULOTE) - OSRAM, HIDRO ATF B 20 (125480), DESENGRASANTE TRANSNET C SUPER 26K (9503), ARANDELA ALUMINIO 14MM, TERMINAL OJAL DE COBRE ESTAÑADO DE 35MM - BAUD-MOL, THINNER X 18LT, PORTALAMPARA 5W 24V (SIN CABLES), CINTA AISLADORA NEGRA 19MMx20Mx0.15MM 3M 165 TEMFLEX | N17: 46234 | O17: 46231
A18: 36814 | B18: Correctivo | C18: BSAS | D18: No | E18: 46198 | F18: O | G18: OJG099 | H18: ATEGO 1725 | I18: Cambiar lamparas | J18: =VLOOKUP(A18,[1]Auditoría!$A$2:$J$312,10,FALSE) -> Falta Consumo | K18: Terminada | L18: 3) Planificado sin Salida física (Salidas = 0) | M18: Materiales planificados con Salida Cero: LAMPARA 24V 21W | N18: 46234 | O18: 46231
A19: 36816 | B19: Correctivo | C19: BSAS | D19: No | E19: 46198 | F19: O | G19: KBV620 | H19: 1318 | I19: Cambio Tecla De Luz | J19: =VLOOKUP(A19,[1]Auditoría!$A$2:$J$312,10,FALSE) -> Falta Consumo | K19: Terminada | L19: 3) Planificado sin Salida física (Salidas = 0) | M19: Materiales planificados con Salida Cero: TECLA DE LUZ 8 PATAS C/REOSTATO MB 1620 (A 695 545 88 14) - KOSTAL (3040100) | N19: 46234 | O19: 46231
A20: 36817 | B20: Correctivo | C20: BSAS | D20: No | E20: 46198 | F20: O | G20: OJG061 | H20: ATRON 1720 | I20: Cambio Fuelle De Palanca De Cambios | J20: =VLOOKUP(A20,[1]Auditoría!$A$2:$J$312,10,FALSE) -> Falta Material | K20: Terminada | L20: 1) Orden sin repuestos asignados | M20: Ningún material cargado en la orden | N20: 46234 | O20: 46231
A21: 36473 | B21: Correctivo | C21: CIUD | D21: No | E21: 46199 | F21: O | G21: AD426HW | H21: AXOR 2541 | I21: Cambiar Acrilico Trasero MB | J21: =VLOOKUP(A21,[1]Auditoría!$A$2:$J$312,10,FALSE) -> Falta Material | K21: Terminada | L21: 2) Desconexión de material (Falta 'ACRILICO') | M21: Materiales cargados no coinciden: LAMPARA 24V 21W - HELLA, MICA FARO TRASERO MB 2541 (A 002 544 73 90) - FITAM, AZUL 32 UREA x 1000LTS, LAMPARA 24V 5W (C/CULOTE), LAMPARA 24V 21/5W, FILTRO DE HABITACULO MB AXOR 2036 - MANN CU 4469 | N21: 46234 | O21: 46231
A22: 36609 | B22: Correctivo | C22: BSAS | D22: No | E22: 46199 | F22: O | G22: AG300AR | H22: ATEGO 1729 | I22: Cambiar lamparas | J22: =VLOOKUP(A22,[1]Auditoría!$A$2:$J$312,10,FALSE) -> Falta Consumo | K22: Terminada | L22: 3) Planificado sin Salida física (Salidas = 0) | M22: Materiales planificados con Salida Cero: LAMPARA 24V 5W (C/CULOTE) | N22: 46234 | O22: 46231
A23: 36614 | B23: Correctivo | C23: BSAS | D23: No | E23: 46199 | F23: O | G23: AF737MQ | H23: ATEGO 1721 | I23: Cambio Vidrio Espejo | J23: =VLOOKUP(A23,[1]Auditoría!$A$2:$J$312,10,FALSE) -> Falta Consumo | K23: Terminada | L23: 3) Planificado sin Salida física (Salidas = 0) | M23: Materiales planificados con Salida Cero: BARRA TENSORA "V" MB AXOR 1933/2541 (A 942 350 15 05) - IABV (3588), CRISTAL DE ESPEJO IZQ MB 1218/1318 (A 688 725 71 10) - ORIGINAL | N23: 46234 | O23: 46231
A24: 36614 | B24: Correctivo | C24: BSAS | D24: No | E24: 46199 | F24: O | G24: AF737MQ | H24: ATEGO 1721 | I24: Cambiar Lámpara Reglamentarias | J24: =VLOOKUP(A24,[1]Auditoría!$A$2:$J$312,10,FALSE) -> Falta Consumo | K24: Terminada | L24: 3) Planificado sin Salida física (Salidas = 0) | M24: Materiales planificados con Salida Cero: BARRA TENSORA "V" MB AXOR 1933/2541 (A 942 350 15 05) - IABV (3588), CRISTAL DE ESPEJO IZQ MB 1218/1318 (A 688 725 71 10) - ORIGINAL | N24: 46234 | O24: 46231
A25: 36492 | B25: Correctivo | C25: CIUD | D25: No | E25: 46201 | F25: O | G25: AF743LB | H25: ATEGO 1729 | I25: Parametrizar todos los cambios | J25: OK Contabilizar | K25: Terminada | L25: 2) Desconexión de material (Falta 'LONA') | M25: Materiales cargados no coinciden: PRECINTOS GRETEL 200X3,6MM X 100 UNI, CABLE TIPO TALLER DE 3 X 1,5 MM, PRECINTOS 400X7,2MM X 100 UNI - BREMEN, ACEITE 15W40 XV300 X 205LT (TAMBOR), FUSIBLE 15 AMP - GENROD, LAMPARA 24V 5W (C/CULOTE) - NEOLUX, TERMINAL OJAL DE 10MM, ESCOBILLA LIMPIA PARABRISAS 24" - BOSCH (B172), LAMPARA 24V 5W (C/CULOTE) - NEOLUX, REPARACION DE MODULO PLD (ART. REPARADO), TERMINAL OJAL DE 6MM, LAMPARA 24V 21/5W - HELLA, ABRAZADERA PARA COJINETE DE CABINA MB 1418/1725/1726/1721/1729 (A 958 317 01 25) ORIGINAL, PORTA FUSIBLE AEREO - ORO (1057), REPARACION DE MODULO CPC (ART. REPARADO) | N25: 46234
A26: 36494 | B26: Correctivo | C26: CIUD | D26: No | E26: 46201 | F26: O | G26: JKG664 | H26: ATEGO 1725 | I26: Cambio Arandela De Tapa Compresor | J26: =VLOOKUP(A26,[1]Auditoría!$A$2:$J$312,10,FALSE) -> Falta Consumo | K26: Terminada | L26: 2) Desconexión de material (Falta 'COMPRESOR') | M26: Materiales cargados no coinciden: FUSIBLE 10 AMP - GENROD, ARANDELA ALUMINIO 14MM, LIQUIDO REFRIGERANTE KRIOX INORGANICO X 1000LTS, GRASA 62 X 20 KG, PRECINTOS 400X7,2MM X 100 UNI - BREMEN, FAROS LE FM181, FARO - (FM181) - 12714/D - TYC, LAMPARA H7 24V - HELLA, FUSIBLE 10 AMP - GENROD | N26: 46234 | O26: 46231
A27: 36498 | B27: Correctivo | C27: CIUD | D27: No | E27: 46201 | F27: O | G27: OHH596 | H27: ATRON 1720 | I27: Coloco Cubierta Usada TDE - Armado y Desarmado | J27: =VLOOKUP(A27,[1]Auditoría!$A$2:$J$312,10,FALSE) -> Falta Material | K27: Terminada | L27: 2) Desconexión de material (Falta 'NEUMATICO', 'LONA', 'CHAPA') | M27: Materiales cargados no coinciden: TORNILLO FIX 4.5 X 25 | N27: 46234 | O27: 46231
A28: 36848 | B28: Correctivo | C28: BSAS | D28: No | E28: 46201 | F28: O | G28: KNE956 | H28: AXOR 1933 | I28: Colocar Precintos | J28: =VLOOKUP(A28,[1]Auditoría!$A$2:$J$312,10,FALSE) -> Falta Material | K28: Terminada | L28: 1) Orden sin repuestos asignados | M28: Ningún material cargado en la orden | N28: 46234 | O28: 46231
A29: 36503 | B29: Correctivo | C29: CIUD | D29: No | E29: 46202 | F29: O | G29: AF672EU | H29: ATEGO 1729 | I29: Cambiar Lampara de Posicion Delantera Izq | J29: =VLOOKUP(A29,[1]Auditoría!$A$2:$J$312,10,FALSE) -> Falta Material | K29: Terminada | L29: 2) Desconexión de material (Falta 'LAMPARA') | M29: Materiales cargados no coinciden: SIKAFLEX 221 x 600ml (SALCHICHA) | N29: 46234 | O29: 46231
A30: 36629 | B30: Correctivo | C30: CIUD | D30: No | E30: 46202 | F30: O | G30: GDR526 | H30: 1620 | I30: Cambiar Soporte De Alternador | J30: =VLOOKUP(A30,[1]Auditoría!$A$2:$J$312,10,FALSE) -> Falta Material | K30: Terminada | L30: 2) Desconexión de material (Falta 'ALTERNADOR') | M30: Materiales cargados no coinciden: TORNILLO PUNTA DE MECHA (3/8 -14X1") X UN, PRECINTOS DUROLL 400X4,8MM X 100 UNI, TACO DE PARAGOLPE 270x75x75 PARA REMOLQUES - NUGOM, CARRITO DE LONA DOBLE CORREDERA UNIVERSAL (32MM), LAMPARA H1 12V, MARCO FARO DER MB 1620 (A 694 884 72 74) ORIGINAL, SOPORTE DE MOTOR MB 1620 (A 366 150 06 73) ORIGINAL, PARCHE 110 TG (10 U) X CAJA, MANIJA DE PUERTA INTERNA IZQ - MAYREA (56572L), TORNILLO PUNTA DE MECHA (3/8 -14X1") X UN | N30: 46234 | O30: 46231
A31: 36629 | B31: Correctivo | C31: CIUD | D31: No | E31: 46202 | F31: O | G31: GDR526 | H31: 1620 | I31: Cambiar Taco De Carroceria | J31: =VLOOKUP(A31,[1]Auditoría!$A$2:$J$312,10,FALSE) -> Falta Material | K31: Terminada | L31: 2) Desconexión de material (Falta 'CARROCERIA') | M31: Materiales cargados no coinciden: TORNILLO PUNTA DE MECHA (3/8 -14X1") X UN, PRECINTOS DUROLL 400X4,8MM X 100 UNI, TACO DE PARAGOLPE 270x75x75 PARA REMOLQUES - NUGOM, CARRITO DE LONA DOBLE CORREDERA UNIVERSAL (32MM), LAMPARA H1 12V, MARCO FARO DER MB 1620 (A 694 884 72 74) ORIGINAL, SOPORTE DE MOTOR MB 1620 (A 366 150 06 73) ORIGINAL, PARCHE 110 TG (10 U) X CAJA, MANIJA DE PUERTA INTERNA IZQ - MAYREA (56572L), TORNILLO PUNTA DE MECHA (3/8 -14X1") X UN | N31: 46234 | O31: 46231
A32: 36629 | B32: Correctivo | C32: CIUD | D32: No | E32: 46202 | F32: O | G32: GDR526 | H32: 1620 | I32: Colocar Membrana liquida al Techo | J32: =VLOOKUP(A32,[1]Auditoría!$A$2:$J$312,10,FALSE) -> Falta Material | K32: Terminada | L32: 2) Desconexión de material (Falta 'MEMBRANA') | M32: Materiales cargados no coinciden: TORNILLO PUNTA DE MECHA (3/8 -14X1") X UN, PRECINTOS DUROLL 400X4,8MM X 100 UNI, TACO DE PARAGOLPE 270x75x75 PARA REMOLQUES - NUGOM, CARRITO DE LONA DOBLE CORREDERA UNIVERSAL (32MM), LAMPARA H1 12V, MARCO FARO DER MB 1620 (A 694 884 72 74) ORIGINAL, SOPORTE DE MOTOR MB 1620 (A 366 150 06 73) ORIGINAL, PARCHE 110 TG (10 U) X CAJA, MANIJA DE PUERTA INTERNA IZQ - MAYREA (56572L), TORNILLO PUNTA DE MECHA (3/8 -14X1") X UN | N32: 46234 | O32: 46231
A33: 36629 | B33: Correctivo | C33: CIUD | D33: No | E33: 46202 | F33: O | G33: GDR526 | H33: 1620 | I33: Colocar Vaso de Trampa de GasOil | J33: =VLOOKUP(A33,[1]Auditoría!$A$2:$J$312,10,FALSE) -> Falta Material | K33: Terminada | L33: 2) Desconexión de material (Falta 'VENTILADOR VISCOSO', 'GRAMPAS') | M33: Materiales cargados no coinciden: TORNILLO PUNTA DE MECHA (3/8 -14X1") X UN, PRECINTOS DUROLL 400X4,8MM X 100 UNI, TACO DE PARAGOLPE 270x75x75 PARA REMOLQUES - NUGOM, CARRITO DE LONA DOBLE CORREDERA UNIVERSAL (32MM), LAMPARA H1 12V, MARCO FARO DER MB 1620 (A 694 884 72 74) ORIGINAL, SOPORTE DE MOTOR MB 1620 (A 366 150 06 73) ORIGINAL, PARCHE 110 TG (10 U) X CAJA, MANIJA DE PUERTA INTERNA IZQ - MAYREA (56572L), TORNILLO PUNTA DE MECHA (3/8 -14X1") X UN | N33: 46234 | O33: 46231
A34: 36820 | B34: Correctivo | C34: BSAS | D34: No | E34: 46202 | F34: O | G34: OHH586 | H34: ATRON 1720 | I34: Cambiar Tapa De Combustible | J34: =VLOOKUP(A34,[1]Auditoría!$A$2:$J$312,10,FALSE) -> OK Contabilizar | K34: Terminada | L34: 2) Desconexión de material (Falta 'TAPA DE COMBUSTIBLE') | M34: Materiales cargados no coinciden: TAPA DE GASOIL MB UNIVERSAL (TV-4080) - TRINK | N34: 46234 | O34: 46231 | P34: OK
A35: 36821 | B35: Correctivo | C35: BSAS | D35: No | E35: 46202 | F35: O | G35: AF642OS | H35: ATEGO 1721 | I35: Cambiar lamparas | J35: =VLOOKUP(A35,[1]Auditoría!$A$2:$J$312,10,FALSE) -> Falta Consumo | K35: Terminada | L35: 3) Planificado sin Salida física (Salidas = 0) | M35: Materiales planificados con Salida Cero: LAMPARA H7 24V | N35: 46234 | O35: 46231
A36: 36844 | B36: Correctivo | C36: BSAS | D36: No | E36: 46202 | F36: O | G36: OHH592 | H36: ATRON 1720 | I36: Cambiar lampara h1 24v | J36: =VLOOKUP(A36,[1]Auditoría!$A$2:$J$312,10,FALSE) -> Falta Consumo | K36: Terminada | L36: 3) Planificado sin Salida física (Salidas = 0) | M36: Materiales planificados con Salida Cero: LAMPARA H1 24V | N36: 46234 | O36: 46231
A37: 36845 | B37: Correctivo | C37: BSAS | D37: No | E37: 46202 | F37: O | G37: AG095MR | H37: ATEGO 1721 | I37: Cambiar lampara h7 24v | J37: =VLOOKUP(A37,[1]Auditoría!$A$2:$J$312,10,FALSE) -> Falta Consumo | K37: Terminada | L37: 3) Planificado sin Salida física (Salidas = 0) | M37: Materiales planificados con Salida Cero: LAMPARA H7 24V | N37: 46234 | O37: 46231
A38: 36845 | B38: Correctivo | C38: BSAS | D38: No | E38: 46202 | F38: O | G38: AG095MR | H38: ATEGO 1721 | I38: Coloco Brazo Completo De Espejo | J38: =VLOOKUP(A38,[1]Auditoría!$A$2:$J$312,10,FALSE) -> Falta Consumo | K38: Terminada | L38: 3) Planificado sin Salida física (Salidas = 0) | M38: Materiales planificados con Salida Cero: LAMPARA H7 24V | N38: 46234 | O38: 46231
A39: 36846 | B39: Correctivo | C39: BSAS | D39: No | E39: 46202 | F39: O | G39: AF088ED | H39: ATEGO 1726 | I39: Cambiar lampara h7 24v | J39: =VLOOKUP(A39,[1]Auditoría!$A$2:$J$312,10,FALSE) -> Falta Consumo | K39: Terminada | L39: 3) Planificado sin Salida física (Salidas = 0) | M39: Materiales planificados con Salida Cero: LAMPARA H7 24V | N39: 46234 | O39: 46231
A40: 36867 | B40: Correctivo | C40: BSAS | D40: No | E40: 46202 | F40: O | G40: KAV644 | H40: ATEGO 1418 | I40: Cambiar Lampara De Giro | J40: =VLOOKUP(A40,[1]Auditoría!$A$2:$J$312,10,FALSE) -> Falta Consumo | K40: Terminada | L40: 3) Planificado sin Salida física (Salidas = 0) | M40: Materiales planificados con Salida Cero: LAMPARA 24V 21W | N40: 46234 | O40: 46231
A41: 36869 | B41: Correctivo | C41: BSAS | D41: No | E41: 46202 | F41: O | G41: OHH591 | H41: ATRON 1720 | I41: Cambiar Lámpara Posición | J41: =VLOOKUP(A41,[1]Auditoría!$A$2:$J$312,10,FALSE) -> Falta Consumo | K41: Terminada | L41: 3) Planificado sin Salida física (Salidas = 0) | M41: Materiales planificados con Salida Cero: LAMPARA P21 24V 5W - NEOLUX | N41: 46234 | O41: 46231
A42: 36633 | B42: Correctivo | C42: CIUD | D42: No | E42: 46203 | F42: O | G42: AD426HY | H42: AXOR 2541 | I42: Cambiar Cubierta Eje Balancin BDE, Desarme y Arme | J42: =VLOOKUP(A42,[1]Auditoría!$A$2:$J$312,10,FALSE) -> Falta Consumo | K42: Terminada | L42: 2) Desconexión de material (Falta 'BALANCIN') | M42: Materiales cargados no coinciden: LAMPARA 24V 5W (S/CULOTE) - OSRAM, AMORTIGUADOR DE CABINA DELANTERO AXOR 2541 (A 940 890 49 19) - ORIGINAL, ACOPLE RAPIDO CODO DE 6MM CON ROSCA MACHO 1/2, ESCOBILLA LIMPIA PARABRISAS 24" - BOSCH (B172), LAMPARA 24V PY21W, CUBIERTA TACO 295 R22.5 - FATE, REMACHE POP ALUMINIO DE 5MM DIAMETRO X 20MM LARGO, ARANDELA 3/16" ZINCADA X UN, PASTILLAS DE FRENO - FRASLE (PD116/PD1749 FF), PERILLA DE CALEFACCION MB 1624 (OMP:1) - RESERPLASTIC | N42: 46234 | O42: 46231
A43: 36633 | B43: Correctivo | C43: CIUD | D43: No | E43: 46203 | F43: O | G43: AD426HY | H43: AXOR 2541 | I43: Cambiar Cubierta Eje Balancin BIE, Desarme y Arme | J43: =VLOOKUP(A43,[1]Auditoría!$A$2:$J$312,10,FALSE) -> Falta Consumo | K43: Terminada | L43: 2) Desconexión de material (Falta 'BALANCIN') | M43: Materiales cargados no coinciden: LAMPARA 24V 5W (S/CULOTE) - OSRAM, AMORTIGUADOR DE CABINA DELANTERO AXOR 2541 (A 940 890 49 19) - ORIGINAL, ACOPLE RAPIDO CODO DE 6MM CON ROSCA MACHO 1/2, ESCOBILLA LIMPIA PARABRISAS 24" - BOSCH (B172), LAMPARA 24V PY21W, CUBIERTA TACO 295 R22.5 - FATE, REMACHE POP ALUMINIO DE 5MM DIAMETRO X 20MM LARGO, ARANDELA 3/16" ZINCADA X UN, PASTILLAS DE FRENO - FRASLE (PD116/PD1749 FF), PERILLA DE CALEFACCION MB 1624 (OMP:1) - RESERPLASTIC | N43: 46234 | O43: 46231
A44: 36633 | B44: Correctivo | C44: CIUD | D44: No | E44: 46203 | F44: O | G44: AD426HY | H44: AXOR 2541 | I44: Cambiar Cubierta Eje Balancin BII, Desarme y Arme | J44: =VLOOKUP(A44,[1]Auditoría!$A$2:$J$312,10,FALSE) -> Falta Consumo | K44: Terminada | L44: 2) Desconexión de material (Falta 'BALANCIN') | M44: Materiales cargados no coinciden: LAMPARA 24V 5W (S/CULOTE) - OSRAM, AMORTIGUADOR DE CABINA DELANTERO AXOR 2541 (A 940 890 49 19) - ORIGINAL, ACOPLE RAPIDO CODO DE 6MM CON ROSCA MACHO 1/2, ESCOBILLA LIMPIA PARABRISAS 24" - BOSCH (B172), LAMPARA 24V PY21W, CUBIERTA TACO 295 R22.5 - FATE, REMACHE POP ALUMINIO DE 5MM DIAMETRO X 20MM LARGO, ARANDELA 3/16" ZINCADA X UN, PASTILLAS DE FRENO - FRASLE (PD116/PD1749 FF), PERILLA DE CALEFACCION MB 1624 (OMP:1) - RESERPLASTIC | N44: 46234 | O44: 46231
A45: 36633 | B45: Correctivo | C45: CIUD | D45: No | E45: 46203 | F45: O | G45: AD426HY | H45: AXOR 2541 | I45: Cambiar Cubierta Eje Balancin BDI, Desarme y Arme | J45: =VLOOKUP(A45,[1]Auditoría!$A$2:$J$312,10,FALSE) -> Falta Consumo | K45: Terminada | L45: 2) Desconexión de material (Falta 'BALANCIN') | M45: Materiales cargados no coinciden: LAMPARA 24V 5W (S/CULOTE) - OSRAM, AMORTIGUADOR DE CABINA DELANTERO AXOR 2541 (A 940 890 49 19) - ORIGINAL, ACOPLE RAPIDO CODO DE 6MM CON ROSCA MACHO 1/2, ESCOBILLA LIMPIA PARABRISAS 24" - BOSCH (B172), LAMPARA 24V PY21W, CUBIERTA TACO 295 R22.5 - FATE, REMACHE POP ALUMINIO DE 5MM DIAMETRO X 20MM LARGO, ARANDELA 3/16" ZINCADA X UN, PASTILLAS DE FRENO - FRASLE (PD116/PD1749 FF), PERILLA DE CALEFACCION MB 1624 (OMP:1) - RESERPLASTIC | N45: 46234 | O45: 46231
A46: 36635 | B46: Correctivo | C46: CIUD | D46: No | E46: 46203 | F46: O | G46: AF461DC | H46: PALETERO S.PA.3E.71 2+1 | I46: Cambiar Cinta Frenos 2Eje Lado Der | J46: =VLOOKUP(A46,[1]Auditoría!$A$2:$J$312,10,FALSE) -> Falta Consumos | K46: Terminada | L46: 2) Desconexión de material (Falta 'CABLE DE FRENOS', 'FLEXIBLE DE FRENO') | M46: Materiales cargados no coinciden: ACOPLE RAPIDO CODO DE 6MM CON ROSCA MACHO 1/2, READECUACION DE CINTAS DE FRENO (SEMI REMOLQUE) (ART. REPARADO) | N46: 46234 | O46: 46231
... A49: 36635 | B49: Correctivo | C49: CIUD | D49: No | E49: 46203 | F49: O | G49: AF461DC | H49: PALETERO S.PA.3E.71 2+1 | I49: Cambiar Cinta Frenos 2Eje Lado Izq | J49: =VLOOKUP(A49,[1]Auditoría!$A$2:$J$312,10,FALSE) -> Falta Consumos | K49: Terminada | L49: 2) Desconexión de material (Falta 'CABLE DE FRENOS', 'FLEXIBLE DE FRENO') | M49: Materiales cargados no coinciden: ACOPLE RAPIDO CODO DE 6MM CON ROSCA MACHO 1/2, READECUACION DE CINTAS DE FRENO (SEMI REMOLQUE) (ART. REPARADO) | N49: 46234 | O49: 46231
A50: 36643 | B50: Correctivo | C50: CIUD | D50: No | E50: 46203 | F50: O | G50: GVU097 | H50: 1318 | I50: Cambiar Tapa De Combustible | J50: =VLOOKUP(A50,[1]Auditoría!$A$2:$J$312,10,FALSE) -> OK Contabilizar | K50: Terminada | L50: 2) Desconexión de material (Falta 'TAPA DE COMBUSTIBLE') | M50: Materiales cargados no coinciden: LIQUIDO REFRIGERANTE KRIOX INORGANICO X 1000LTS, LAMPARA 24V 5W (S/CULOTE) - NEOLUX, ACEITE 15W40 XV300 X 205LT (TAMBOR), LAMPARA H1 24V - OSRAM, LAMPARA 24V 5W (S/CULOTE) - NEOLUX, PORTA LAMPARA PARA FARO COLGANTE DOBLE/SIMPLE 1035/6 (AMBAR/AMBAR) SIN CABLE - BAIML, FARO LED 48W - 15 X 4 X 5 CM - INFINITY TECH, TAPA DE GASOIL MB UNIVERSAL (TV-4080) - TRINK, PORTALAMPARA H1 MB (VA-1288) | N50: 46234 | O50: 46231 | P50: OK
A51: 36643 | B51: Correctivo | C51: CIUD | D51: No | E51: 46203 | F51: O | G51: GVU097 | H51: 1318 | I51: Cambio Luz Alta H1 | J51: =VLOOKUP(A51,[1]Auditoría!$A$2:$J$312,10,FALSE) -> OK Contabilizar | K51: Terminada | L51: 2) Desconexión de material (Falta 'LUZ') | M51: Materiales cargados no coinciden: LIQUIDO REFRIGERANTE KRIOX INORGANICO X 1000LTS, LAMPARA 24V 5W (S/CULOTE) - NEOLUX, ACEITE 15W40 XV300 X 205LT (TAMBOR), LAMPARA H1 24V - OSRAM, LAMPARA 24V 5W (S/CULOTE) - NEOLUX, PORTA LAMPARA PARA FARO COLGANTE DOBLE/SIMPLE 1035/6 (AMBAR/AMBAR) SIN CABLE - BAIML, FARO LED 48W - 15 X 4 X 5 CM - INFINITY TECH, TAPA DE GASOIL MB UNIVERSAL (TV-4080) - TRINK, PORTALAMPARA H1 MB (VA-1288) | N51: 46234 | O51: 46231 | P51: OK
A52: 36654 | B52: Correctivo | C52: CIUD | D52: No | E52: 46203 | F52: O | G52: OMQ198 | H52: ATEGO 1725 | I52: Enderezo Aleron Y Coloco Punta De Mecha | J52: =VLOOKUP(A52,[1]Auditoría!$A$2:$J$312,10,FALSE) -> Falta Cargar Material (Usuario Robles) | K52: Terminada | L52: 2) Desconexión de material (Falta 'BOCHA') | M52: Materiales cargados no coinciden: DESTELLADOR 24V 4T - DNI | N52: 46234 | O52: 46231
A53: 36657 | B53: Correctivo | C53: CIUD | D53: No | E53: 46204 | F53: O | G53: JXJ303 | H53: ATEGO 1418 | I53: Cambiar Faro De Giro Delantero Izq | J53: =VLOOKUP(A53,[1]Auditoría!$A$2:$J$312,10,FALSE) -> Falta Agregar Grasa | K53: Terminada | L53: 2) Desconexión de material (Falta 'LUZ') | M53: Materiales cargados no coinciden: BALDE GRASA LUBRIGON X 20 KG, INDICADOR DE TORQUE RUEDA/ CHECKPOINT DE 32 MM, LIQUIDO REFRIGERANTE KRIOX INORGANICO X 1000LTS, ACEITE 15W40 XV300 X 205LT (TAMBOR), SENSOR DE PUNTO NEUTRO MB 1933/1725 (A 002 545 01 09) ORIGINAL, LAMPARA 24V PY21W, FARO DE GIRO ATEGO IZQ (A 973 820 01 21) - AUSILI (1078E), CUBRE VOLANTE AXOR 1933 (450MM) - AIEL, RADIADOR DE CALEFACCION MB AXOR 1933/ATEGO 1725 (000 830 34 20/383) ORIGINAL, MEMBRANA LIQUIDA BLANCA POLIURETANICA x 20LTS - VENIER | N53: 46234 | O53: 46231
A54: 36661 | B54: Correctivo | C54: CIUD | D54: No | E54: 46204 | F54: O | G54: OJG072 | H54: 32-CORT. LAT. 3 EJES-1 | I54: Cambiar Rodillo Patin Freno | J54: =VLOOKUP(A54,[1]Auditoría!$A$2:$J$312,10,FALSE) -> Ver Comentario, Contabilizar | K54: Terminada | L54: 1) Orden sin repuestos asignados | M54: Ningún material cargado en la orden | N54: 46234 | O54: 46231 | P54: OK
A55: 36664 | B55: Correctivo | C55: CIUD | D55: No | E55: 46204 | F55: O | G55: KER727 | H55: ATEGO 1418 | I55: Cambiar Lámpara Reglamentarias | J55: =VLOOKUP(A55,[1]Auditoría!$A$2:$J$312,10,FALSE) -> Ver Comentario, Contabilizar | K55: Terminada | L55: 1) Orden sin repuestos asignados | M55: Ningún material cargado en la orden | N55: 46234 | O55: 46231 | P55: OK
A56: 36666 | B56: Correctivo | C56: CIUD | D56: No | E56: 46204 | F56: O | G56: OAF644 | H56: G310 | I56: Colocar Embrague (Placa, Disco y Volante Reparado) | J56: =VLOOKUP(A56,[1]Auditoría!$A$2:$J$312,10,FALSE) -> OK, ver comentarios | K56: Terminada | L56: 2) Desconexión de material (Falta 'DISCO', 'BOCHA') | M56: Materiales cargados no coinciden: ACOPLE RAPIDO RECTO DE 10MM, BULON M12x50MM (PASO 1.5) - ACERO DUREZA 10.9 - x UNIDAD, TUERCA AUTOFRENANTES DE 12MM, LIQUIDO P/FRENOS C12/1000 (CAJA 12 x 1LT), BULON HEXAGONAL 6X40MM X UN, TUERCA DE 6MM, VOLANTE DE EMBRAGUE SCANIA G310 (1776466) - CINPAL, KIT DE EMBRAGUE SCANIA G310 SACHS (3400 000 255 009), ACOPLE RAPIDO RECTO DE 1/2", FARO DELANTERO DER SCANIA G310 - FA801812 - NINO | N56: 46234 | O56: 46231 | P56: OK
A57: 36668 | B57: Correctivo | C57: CIUD | D57: No | E57: 46204 | F57: O | G57: JYQ969 | H57: ATEGO 1418 | I57: Cambiar Tapa De Combustible | J57: =VLOOKUP(A57,[1]Auditoría!$A$2:$J$312,10,FALSE) -> OK Contabilizar | K57: Terminada | L57: 2) Desconexión de material (Falta 'TAPA DE COMBUSTIBLE') | M57: Materiales cargados no coinciden: TAPA DE FILTRO DE GASOIL (OM904/906/0500) (A 990 092 01 08) - HENGS | N57: 46234 | O57: 46231 | P57: OK
A58: 36668 | B58: Correctivo | C58: CIUD | D58: No | E58: 46204 | F58: O | G58: JYQ969 | H58: ATEGO 1418 | I58: Cambiar Tapa De Combustible | J58: =VLOOKUP(A58,[1]Auditoría!$A$2:$J$312,10,FALSE) -> OK Contabilizar | K58: Terminada | L58: 2) Desconexión de material (Falta 'TAPA DE COMBUSTIBLE') | M58: Materiales cargados no coinciden: TAPA DE FILTRO DE GASOIL (OM904/906/0500) (A 990 092 01 08) - HENGS | N58: 46234 | O58: 46231 | P58: OK
A59: 36673 | B59: Correctivo | C59: CIUD | D59: No | E59: 46204 | F59: O | G59: KJH882 | H59: AXOR 1933 | I59: Cambiar lampara 3w 24v | J59: =VLOOKUP(A59,[1]Auditoría!$A$2:$J$312,10,FALSE) -> Falta Material | K59: Terminada | L59: 3) Planificado sin Salida física (Salidas = 0) | M59: Materiales planificados con Salida Cero: LAMPARA 24V 5W (S/CULOTE) - NEOLUX, CONSOLA DELANTERA DERECHA DE ESTRIBO MB 1933 (A 940 666 02 31) - ORIGINAL, CONSOLA TRASERA DERECHA DE ESTRIBO MB 1933 (A 940 666 05 31) - ORIGINAL, ESTRIBO (PEDANA) INFERIOR DER MB AXOR 2035 (A 940 666 04 28) ORIGINAL, PEDANA DE ESTRIBO SUPERIOR DER MB 1933 (A 940 666 03 28) - ORIGINAL, SOPORTE DE ESTRIBO DER MB 1933 (A 940 660 19 30) - ORIGINAL, ESTRIBO DER MB 1933 (A 940 666 09 01) - BONFANTI | N59: 46234 | O59: 46231
A60: 36674 | B60: Preventivo | C60: CIUD | D60: No | E60: 46204 | F60: O | G60: KJH882 | H60: AXOR 1933 | I60: Cambio De Aceite De Motor Y Filtro Aceite | J60: =VLOOKUP(A60,[1]Auditoría!$A$2:$J$312,10,FALSE) -> OK Contabilizar | K60: Terminada | L60: 2) Desconexión de material (Falta 'LEVANTAVENTANAS') | M60: Materiales cargados no coinciden: FILTRO DE ACEITE 6 CILINDROS MB 1725/1726/1933/1624L/1721 OF ELECTRONICO - MANN HU 945/2x, ACEITE 15W40 XV300 X 205LT (TAMBOR) | N60: 46234 | O60: 46231 | P60: OK
A61: 36674 | B61: Preventivo | C61: CIUD | D61: No | E61: 46204 | F61: O | G61: KJH882 | H61: AXOR 1933 | I61: Cambio De Aceite De Motor Y Filtro Aceite | J61: =VLOOKUP(A61,[1]Auditoría!$A$2:$J$312,10,FALSE) -> OK Contabilizar | K61: Terminada | L61: 2) Desconexión de material (Falta 'LEVANTAVENTANAS') | M61: Materiales cargados no coinciden: FILTRO DE ACEITE 6 CILINDROS MB 1725/1726/1933/1624L/1721 OF ELECTRONICO - MANN HU 945/2x, ACEITE 15W40 XV300 X 205LT (TAMBOR) | N61: 46234 | O61: 46231 | P61: OK
A62: 36681 | B62: Correctivo | C62: SRAF | D62: No | E62: 46204 | F62: O | G62: TLH736 | H62: 710 | I62: Cambiar Cable Freno De Mano | J62: =VLOOKUP(A62,[1]Auditoría!$A$2:$J$312,10,FALSE) -> Falta Material | K62: No iniciada | L62: 1) Orden sin repuestos asignados | M62: Ningún material cargado en la orden | N62: 46234 | O62: 46231
A63: 36687 | B63: Correctivo | C63: CIUD | D63: No | E63: 46204 | F63: O | G63: AG079GB | H63: TECTOR EVO 170E28 | I63: Cambiar Vejiga Alfajor Eje Numatico | J63: =VLOOKUP(A63,[1]Auditoría!$A$2:$J$312,10,FALSE) -> Falta Material | K63: Terminada | L63: 2) Desconexión de material (Falta 'VEJIGA') | M63: Materiales cargados no coinciden: FUELLE DE SUSPENSION BILOBULAR (K415) CON PLATINAS (T188S-1) Y TORNILLOS - PLUSGOM | N63: 46234 | O63: 46231
A64: 36690 | B64: Preventivo | C64: CIUD | D64: No | E64: 46204 | F64: O | G64: AF746EN | H64: TECTOR EVO 170E28 | I64: Cambio De Aceite De Motor Y Filtro Aceite | J64: =VLOOKUP(A64,[1]Auditoría!$A$2:$J$312,10,FALSE) -> OK Contabilizar | K64: Terminada | L64: 2) Desconexión de material (Falta 'LEVANTAVENTANAS') | M64: Materiales cargados no coinciden: FILTRO DE ACEITE IVECO TECTOR (500041216) - NEXPRO, ACEITE 15W40 XV300 X 205LT (TAMBOR) | N64: 46234 | O64: 46231 | P64: OK
A65: 36694 | B65: Correctivo | C65: CIUD | D65: No | E65: 46204 | F65: O | G65: HUY047 | H65: 1318 | I65: Coloco Cubierta Usada TDI - Armado y Desarmado | J65: =VLOOKUP(A65,[1]Auditoría!$A$2:$J$312,10,FALSE) -> Falta Material | K65: Terminada | L65: 3) Planificado sin Salida física (Salidas = 0) | M65: Materiales planificados con Salida Cero: BALDE GRASA LUBRIGON X 20 KG | N65: 46234 | O65: 46231
A66: 37003 | B66: Correctivo | C66: BSAS | D66: No | E66: 46204 | F66: O | G66: OHH595 | H66: ATRON 1720 | I66: Cambiar ruedas | J66: =VLOOKUP(A66,[1]Auditoría!$A$2:$J$312,10,FALSE) -> Falta Material | K66: Terminada | L66: 1) Orden sin repuestos asignados | M66: Ningún material cargado en la orden | N66: 46234 | O66: 46231
A67: 37011 | B67: Correctivo | C67: BSAS | D67: No | E67: 46204 | F67: O | G67: FGV321 | H67: 1218 | I67: Cambiar lamparas | J67: =VLOOKUP(A67,[1]Auditoría!$A$2:$J$312,10,FALSE) -> Falta Consumos | K67: Terminada | L67: 3) Planificado sin Salida física (Salidas = 0) | M67: Materiales planificados con Salida Cero: LAMPARA 24V 21W | N67: 46234 | O67: 46231
A68: 36699 | B68: Preventivo | C68: CIUD | D68: No | E68: 46205 | F68: O | G68: GDR526 | H68: 1620 | I68: Cambio De Aceite De Motor Y Filtro Aceite | J68: =VLOOKUP(A68,[1]Auditoría!$A$2:$J$312,10,FALSE) -> OK Contabilizar | K68: Terminada | L68: 2) Desconexión de material (Falta 'LEVANTAVENTANAS') | M68: Materiales cargados no coinciden: FILTRO DE ACEITE 6 CILINDROS MB 710/914/1218/1418L/1620/1720/1721LK/LS-S - MANN W 1168/5, ACEITE 15W40 XV300 X 205LT (TAMBOR) | N68: 46234 | O68: 46231 | P68: OK
A69: 36699 | B69: Preventivo | C69: CIUD | D69: No | E69: 46205 | F69: O | G69: GDR526 | H69: 1620 | I69: Cambio De Aceite De Motor Y Filtro Aceite | J69: =VLOOKUP(A69,[1]Auditoría!$A$2:$J$312,10,FALSE) -> OK Contabilizar | K69: Terminada | L69: 2) Desconexión de material (Falta 'LEVANTAVENTANAS') | M69: Materiales cargados no coinciden: FILTRO DE ACEITE 6 CILINDROS MB 710/914/1218/1418L/1620/1720/1721LK/LS-S - MANN W 1168/5, ACEITE 15W40 XV300 X 205LT (TAMBOR) | N69: 46234 | O69: 46231 | P69: OK
A70: 36700 | B70: Preventivo | C70: CIUD | D70: No | E70: 46205 | F70: O | G70: GDR526 | H70: 1620 | I70: Cambio De Filtro Gas Oíl Y Trampa De Agua | J70: =VLOOKUP(A70,[1]Auditoría!$A$2:$J$312,10,FALSE) -> Ver Comentario, Contabilizar | K70: Terminada | L70: 1) Orden sin repuestos asignados | M70: Ningún material cargado en la orden | N70: 46234 | O70: 46231 | P70: OK
A71: 36850 | B71: Tercero | C71: MNZA | D71: No | E71: 46205 | F71: O | G71: AG255NH | H71: FTHDCFW3 | I71: Cambiar Hoja De Elastico | J71: =VLOOKUP(A71,[1]Auditoría!$A$2:$J$312,10,FALSE) -> Falta Material | K71: No iniciada | L71: 1) Orden sin repuestos asignados | M71: Ningún material cargado en la orden | N71: 46234 | O71: 46231
A72: 36861 | B72: Correctivo | C72: CIUD | D72: No | E72: 46205 | F72: O | G72: AF338VO | H72: ATEGO 1419 | I72: Cambiar Faros Laterales | J72: =VLOOKUP(A72,[1]Auditoría!$A$2:$J$312,10,FALSE) -> Falta Material | K72: Terminada | L72: 2) Desconexión de material (Falta 'BILLERA') | M72: Materiales cargados no coinciden: FUSIBLE 15 AMP - GENROD, BULON 5/16x1, BUJE DE TEFLON PARA BARRAL DE 25MM ASTPRA (ASP 15.03.68), LAMPARA 24V 21W - OSRAM, FARO IZQ MB ATEGO (A 973 820 03 61) - FITAM (68068I), LAMPARA 24V PY21W, TECLA LEVANTA VIDRIOS DER MB ATEGO 1725 (A 004 545 03 13) - ORIGINAL | N72: 46234 | O72: 46231
A73: 36997 | B73: Correctivo | C73: BSAS | D73: No | E73: 46205 | F73: O | G73: AF444TX | H73: TECTOR EVO 170E28 | I73: Cambiar Lampara De Giro | J73: =VLOOKUP(A73,[1]Auditoría!$A$2:$J$312,10,FALSE) -> Falta Consumos | K73: Terminada | L73: 3) Planificado sin Salida física (Salidas = 0) | M73: Materiales planificados con Salida Cero: AZUL 32 UREA x 1000LTS, LAMPARA H7 24V - NEOLUX, LAMPARA 24V 21W - NEOLUX | N73: 46234 | O73: 46231
A74: 36997 | B74: Correctivo | C74: BSAS | D74: No | E74: 46205 | F74: O | G74: AF444TX | H74: TECTOR EVO 170E28 | I74: Cambiar lampara h7 24v | J74: =VLOOKUP(A74,[1]Auditoría!$A$2:$J$312,10,FALSE) -> Falta Consumos | K74: Terminada | L74: 3) Planificado sin Salida física (Salidas = 0) | M74: Materiales planificados con Salida Cero: AZUL 32 UREA x 1000LTS, LAMPARA H7 24V - NEOLUX, LAMPARA 24V 21W - NEOLUX | N74: 46234 | O74: 46231
A75: 36888 | B75: Correctivo | C75: CIUD | D75: No | E75: 46208 | F75: O | G75: AF491HL | H75: SPRINTER 316 CDI FURGON 3665 | I75: Cambiar Matafuego | J75: =VLOOKUP(A75,[1]Auditoría!$A$2:$J$312,10,FALSE) -> No sale de pañol, Contabilizar | K75: Terminada | L75: 2) Desconexión de material (Falta 'MATAFUEGO') | M75: Materiales cargados no coinciden: LAMPARA 12V 21W UN POLO, LAMPARA 12V 21W/5W (DOS POLOS) - OSRAM, ACEITE 15W40 XV300 X 205LT (TAMBOR) | N75: 46234 | O75: 46231 | P75: OK
A76: 36888 | B76: Correctivo | C76: CIUD | D76: No | E76: 46208 | F76: O | G76: AF491HL | H76: SPRINTER 316 CDI FURGON 3665 | I76: Cambiar Matafuego | J76: =VLOOKUP(A76,[1]Auditoría!$A$2:$J$312,10,FALSE) -> No sale de pañol, Contabilizar | K76: Terminada | L76: 2) Desconexión de material (Falta 'MATAFUEGO') | M76: Materiales cargados no coinciden: LAMPARA 12V 21W UN POLO, LAMPARA 12V 21W/5W (DOS POLOS) - OSRAM, ACEITE 15W40 XV300 X 205LT (TAMBOR) | N76: 46234 | O76: 46231 | P76: OK
A77: 36891 | B77: Preventivo | C77: CIUD | D77: No | E77: 46208 | F77: O | G77: AD426HV | H77: AXOR 2541 | I77: Cambio De Aceite De Motor Y Filtro Aceite | J77: =VLOOKUP(A77,[1]Auditoría!$A$2:$J$312,10,FALSE) -> OK Contabilizar | K77: Terminada | L77: 2) Desconexión de material (Falta 'LEVANTAVENTANAS') | M77: Materiales cargados no coinciden: FILTRO DE ACEITE MB AXOR 2036/2035 - MANN HU 12 110X, ACEITE 15W40 XV300 X 205LT (TAMBOR) | N77: 46234 | O77: 46231 | P77: OK
A78: 36901 | B78: Correctivo | C78: SRAF | D78: No | E78: 46208 | F78: O | G78: OJG075 | H78: 32-CORT. LAT. 3 EJES-1 | I78: Cambiar Lona | J78: =VLOOKUP(A78,[1]Auditoría!$A$2:$J$312,10,FALSE) -> Falta Material | K78: Terminada | L78: 2) Desconexión de material (Falta 'LONA') | M78: Materiales cargados no coinciden: TACO DE PARAGOLPE 190x80x70 PARA REMOLQUES - NUGOM | N78: 46234 | O78: 46231
A79: 36901 | B79: Correctivo | C79: SRAF | D79: No | E79: 46208 | F79: O | G79: OJG075 | H79: 32-CORT. LAT. 3 EJES-1 | I79: Cambiar Taco De Carroceria | J79: =VLOOKUP(A79,[1]Auditoría!$A$2:$J$312,10,FALSE) -> Falta Material | K79: Terminada | L79: 2) Desconexión de material (Falta 'CARROCERIA') | M79: Materiales cargados no coinciden: TACO DE PARAGOLPE 190x80x70 PARA REMOLQUES - NUGOM | N79: 46234 | O79: 46231
A80: 36908 | B80: Correctivo | C80: CIUD | D80: No | E80: 46208 | F80: O | G80: KKZ666 | H80: FTHDCFW3 | I80: Colocar vejiga Eje Neumatico deTrabajo Lado Der | J80: =VLOOKUP(A80,[1]Auditoría!$A$2:$J$312,10,FALSE) -> Ver Comentario, Contabilizar | K80: Terminada | L80: 1) Orden sin repuestos asignados | M80: Ningún material cargado en la orden | N80: 46234 | O80: 46231 | P80: OK
A81: 36909 | B81: Correctivo | C81: MNZA | D81: No | E81: 46208 | F81: O | G81: LTS288 | H81: ATEGO 1725 | I81: Cambiar Bajada De Vigia Ldo Derecho | J81: =VLOOKUP(A81,[1]Auditoría!$A$2:$J$312,10,FALSE) -> Falta Material | K81: Terminada | L81: 2) Desconexión de material (Falta 'BAJADA DE VIGIA', 'VIGIA') | M81: Materiales cargados no coinciden: ARANDELA PARA BULON DE TAPA DE VALVULAS OM 904/906 (A906 016 00 80), ACEITE 15W40 XV300 X 205LT (TAMBOR), DESENGRASANTE TRANSNET C SUPER 26K (9503), JUNTA DE TAPA DE VALVULAS (OM 926) MB AXOR 1933 (A 000 016 05 21) - ELRING, DIAFRAGMA DE TAPA DE VALVULAS MB ELECTRONICO (A 000 018 01 33) ORIGINAL, SENSOR DE PRESION DE ACEITE MB AXOR 1933 (A 011 153 92 28) ORIGINAL | N81: 46234 | O81: 46231
A82: 36912 | B82: Tercero | C82: SRAF | D82: No | E82: 46208 | F82: O | G82: BNW644 | H82: 710 | I82: Cambiar Centro De Elastico | J82: =VLOOKUP(A82,[1]Auditoría!$A$2:$J$312,10,FALSE) -> OK Contabilizar | K82: No iniciada | L82: 1) Orden sin repuestos asignados | M82: Ningún material cargado en la orden | N82: 46234 | O82: 46231 | P82: OK
A83: 36916 | B83: Correctivo | C83: MNZA | D83: No | E83: 46208 | F83: O | G83: KER728 | H83: ATEGO 1725 | I83: Colocar Tornillo a Traba De Porton Trasero | J83: =VLOOKUP(A83,[1]Auditoría!$A$2:$J$312,10,FALSE) -> Falta Material | K83: Terminada | L83: 1) Orden sin repuestos asignados | M83: Ningún material cargado en la orden | N83: 46234 | O83: 46231
A84: 36919 | B84: Correctivo | C84: MNZA | D84: No | E84: 46208 | F84: O | G84: AG269WH | H84: ATEGO 1729 | I84: Colocar Tornillo a Babero Izq | J84: =VLOOKUP(A84,[1]Auditoría!$A$2:$J$312,10,FALSE) -> OK Contabilizar | K84: Terminada | L84: 2) Desconexión de material (Falta 'TORNILO', 'GUARDABARROS', 'TABLERO') | M84: Materiales cargados no coinciden: DEPOSITO DE AGUA MB 1720 - RESERPLASTIC (000128), LAMPARA H7 24V - NEOLUX, BULON HEXAGONAL ACERO ZINCADO 1/4" X 40MM - PASO 1,5MM, ARANDELA PLANA ACERO ZINCADO 1/4", TUERCA AUTOFRENANTE HEXAGONAL ACERO ZINCADO 1/4" - PASO 1,5MM, LIQUIDO REFRIGERANTE 50/50 X 1000LTS | N84: 46234 | O84: 46231 | P84: OK
A85: 36935 | B85: Correctivo | C85: CIUD | D85: No | E85: 46208 | F85: O | G85: AF338VO | H85: ATEGO 1419 | I85: Cambiar Cubierta BDI - 1/2 Uso Armado Y Desarmado | J85: =VLOOKUP(A85,[1]Auditoría!$A$2:$J$312,10,FALSE) -> Falta Material | K85: Terminada | L85: 3) Planificado sin Salida física (Salidas = 0) | M85: Materiales planificados con Salida Cero: BALDE GRASA LUBRIGON X 20 KG | N85: 46234 | O85: 46231
A86: 36936 | B86: Tercero | C86: CIUD | D86: No | E86: 46208 | F86: O | G86: OMQ198 | H86: ATEGO 1725 | I86: Cambiar bujes de elasticos traseros | J86: =VLOOKUP(A86,[1]Auditoría!$A$2:$J$312,10,FALSE) -> Tercero, Contabilizar | K86: Terminada | L86: 1) Orden sin repuestos asignados | M86: Ningún material cargado en la orden | N86: 46234 | O86: 46231 | P86: OK
A87: 36936 | B87: Tercero | C87: CIUD | D87: No | E87: 46208 | F87: O | G87: OMQ198 | H87: ATEGO 1725 | I87: Cambiar Piton De Centro | J87: =VLOOKUP(A87,[1]Auditoría!$A$2:$J$312,10,FALSE) -> Tercero, Contabilizar | K87: Terminada | L87: 1) Orden sin repuestos asignados | M87: Ningún material cargado en la orden | N87: 46234 | O87: 46231 | P87: OK
A88: 36936 | B88: Tercero | C88: CIUD | D88: No | E88: 46208 | F88: O | G88: OMQ198 | H88: ATEGO 1725 | I88: Colocar perno de tensores de ejes | J88: =VLOOKUP(A88,[1]Auditoría!$A$2:$J$312,10,FALSE) -> Tercero, Contabilizar | K88: Terminada | L88: 1) Orden sin repuestos asignados | M88: Ningún material cargado en la orden | N88: 46234 | O88: 46231 | P88: OK
A89: 36937 | B89: Tercero | C89: CIUD | D89: No | E89: 46208 | F89: O | G89: AD367QF | H89: S.A.P.3E.71 | I89: Balancines Sacar Embujar y Colocar | J89: =VLOOKUP(A89,[1]Auditoría!$A$2:$J$312,10,FALSE) -> cargado | K89: Terminada | L89: 3) Planificado sin Salida física (Salidas = 0) | M89: Materiales planificados con Salida Cero: BULON PARA BUJE DE BALANCIN 25MMX 150MM X UNIDAD, BUJE DE BALANCIN (D:25MM - L:79MM) | N89: 46234 | O89: 46231
A90: 36937 | B90: Tercero | C90: CIUD | D90: No | E90: 46208 | F90: O | G90: AD367QF | H90: S.A.P.3E.71 | I90: Coloco Perno Y Bujes De Eje De Balancion | J90: =VLOOKUP(A90,[1]Auditoría!$A$2:$J$312,10,FALSE) -> cargado | K90: Terminada | L90: 3) Planificado sin Salida física (Salidas = 0) | M90: Materiales planificados con Salida Cero: BULON PARA BUJE DE BALANCIN 25MMX 150MM X UNIDAD, BUJE DE BALANCIN (D:25MM - L:79MM) | N90: 46234 | O90: 46231
A91: 36937 | B91: Tercero | C91: CIUD | D91: No | E91: 46208 | F91: O | G91: AD367QF | H91: S.A.P.3E.71 | I91: Balancines Sacar Embujar y Colocar | J91: =VLOOKUP(A91,[1]Auditoría!$A$2:$J$312,10,FALSE) -> cargado | K91: Terminada | L91: 3) Planificado sin Salida física (Salidas = 0) | M91: Materiales planificados con Salida Cero: BULON PARA BUJE DE BALANCIN 25MMX 150MM X UNIDAD, BUJE DE BALANCIN (D:25MM - L:79MM) | N91: 46234 | O91: 46231
A92: 36937 | B92: Tercero | C92: CIUD | D92: No | E92: 46208 | F92: O | G92: AD367QF | H92: S.A.P.3E.71 | I92: Coloco Perno Y Bujes De Eje De Balancion | J92: =VLOOKUP(A92,[1]Auditoría!$A$2:$J$312,10,FALSE) -> cargado | K92: Terminada | L92: 3) Planificado sin Salida física (Salidas = 0) | M92: Materiales planificados con Salida Cero: BULON PARA BUJE DE BALANCIN 25MMX 150MM X UNIDAD, BUJE DE BALANCIN (D:25MM - L:79MM) | N92: 46234 | O92: 46231
A93: 37122 | B93: Correctivo | C93: BSAS | D93: No | E93: 46208 | F93: O | G93: AG095MQ | H93: ATEGO 1721 | I93: Colocar Vidrio de Espejo Inferior Izquierdo | J93: =VLOOKUP(A93,[1]Auditoría!$A$2:$J$312,10,FALSE) -> Falta Consumo | K93: No iniciada | L93: 3) Planificado sin Salida física (Salidas = 0) | M93: Materiales planificados con Salida Cero: ESPEJO IZQ MB AXOR 1933 (A 002 810 16 16) - (SP 1601) | N93: 46234 | O93: 46231
A94: 37123 | B94: Correctivo | C94: BSAS | D94: No | E94: 46208 | F94: O | G94: JAD357 | H94: ATEGO 1725 | I94: Colocar Grafica TDU | J94: =VLOOKUP(A94,[1]Auditoría!$A$2:$J$312,10,FALSE) -> Falta Material | K94: No iniciada | L94: 3) Planificado sin Salida física (Salidas = 0) | M94: Materiales planificados con Salida Cero: CALCO LOGO TDU LATERAL CAMION | N94: 46234 | O94: 46231
A95: 37124 | B95: Correctivo | C95: BSAS | D95: No | E95: 46208 | F95: O | G95: JEB635 | H95: ATEGO 1725 | I95: Colocar Grafica TDU | J95: =VLOOKUP(A95,[1]Auditoría!$A$2:$J$312,10,FALSE) -> Falta Material | K95: Terminada | L95: 3) Planificado sin Salida física (Salidas = 0) | M95: Materiales planificados con Salida Cero: CALCO LOGO TDU LATERAL CAMION | N95: 46234 | O95: 46231
A96: 37125 | B96: Correctivo | C96: BSAS | D96: No | E96: 46208 | F96: O | G96: AF746EM | H96: 170E30TLA22 EBS | I96: Colocar Grafica TDU | J96: =VLOOKUP(A96,[1]Auditoría!$A$2:$J$312,10,FALSE) -> Falta Material | K96: Terminada | L96: 3) Planificado sin Salida física (Salidas = 0) | M96: Materiales planificados con Salida Cero: CALCO LOGO TDU LATERAL CAMION | N96: 46234 | O96: 46231
A97: 37141 | B97: Correctivo | C97: BSAS | D97: No | E97: 46208 | F97: O | G97: GRE072 | H97: 1624 | I97: Cambiar Baterias | J97: =VLOOKUP(A97,[1]Auditoría!$A$2:$J$312,10,FALSE) -> Falta Material | K97: Terminada | L97: 1) Orden sin repuestos asignados | M97: Ningún material cargado en la orden | N97: 46234 | O97: 46231
A98: 37032 | B98: Correctivo | C98: CIUD | D98: No | E98: 46209 | F98: O | G98: HNE430 | H98: 1318 | I98: Cambiar Bulbo Aceite | J98: Falta Material | K98: Terminada | L98: 2) Desconexión de material (Falta 'ACEITE') | M98: Materiales cargados no coinciden: MANGUERA DE ENTRADA DEL TURBO AL FILTRO DE AIRE MB LS 1318 (A 693 520 00 86) - RESERPLASTIC (0004256, BORNE POSITIVO (N 072332 011100), BORNE NEGATIVO (N 072332 011200) - BAUD, RADIADOR DE AGUA MB 1318 (A 694 500 00 02) - MAHLE (CR 1244 001 P, CABLE TERMOCONTRAIBLE DE 3MM (PARA CABLE DE 1.5MM) X ROLLO, ARANDELA DE ALUMINIO 16MM, REPARACION DE ALTERNADOR 24V (Art. Reparado), LAMPARA 24V 5W (S/CULOTE) - NEOLUX, BATERIA 12V 100A - MOURA (ME100HI), LIQUIDO REFRIGERANTE KRIOX INORGANICO X 1000LTS, LIQUIDO REFRIGERANTE KRIOX INORGANICO X 1000LTS | N98: 46234
A99: 37135 | B99: Correctivo | C99: BSAS | D99: No | E99: 46209 | F99: O | G99: OJG064 | H99: ATRON 1720 | I99: Colocar Grafica TDU | J99: =VLOOKUP(A99,[1]Auditoría!$A$2:$J$312,10,FALSE) -> Falta Material | K99: Terminada | L99: 1) Orden sin repuestos asignados | M99: Ningún material cargado en la orden | N99: 46234 | O99: 46231
A100: 37136 | B100: Correctivo | C100: BSAS | D100: No | E100: 46209 | F100: O | G100: OHH592 | H100: ATRON 1720 | I100: Colocar Grafica TDU | J100: =VLOOKUP(A100,[1]Auditoría!$A$2:$J$312,10,FALSE) -> Falta Material | K100: Terminada | L100: 1) Orden sin repuestos asignados | M100: Ningún material cargado en la orden | N100: 46234 | O100: 46231
A101: 37137 | B101: Correctivo | C101: BSAS | D101: No | E101: 46209 | F101: O | G101: OHH597 | H101: ATRON 1720 | I101: Colocar Grafica TDU | J101: =VLOOKUP(A101,[1]Auditoría!$A$2:$J$312,10,FALSE) -> Falta Material | K101: Terminada | L101: 1) Orden sin repuestos asignados | M101: Ningún material cargado en la orden | N101: 46234 | O101: 46231
A102: 37138 | B102: Correctivo | C102: BSAS | D102: No | E102: 46209 | F102: O | G102: OHH589 | H102: ATRON 1720 | I102: Colocar Grafica TDU | J102: =VLOOKUP(A102,[1]Auditoría!$A$2:$J$312,10,FALSE) -> Falta Material | K102: Terminada | L102: 1) Orden sin repuestos asignados | M102: Ningún material cargado en la orden | N102: 46234 | O102: 46231
...
