Workbook

Sheet Auditoría
A1: Nro. Orden | B1: Tipo de orden | C1: Centros de costos | D1: Estado Orden | E1: Contabilizada | F1: Fecha de la orden | G1: Status de documento | H1: Equipo | I1: Nombre Equipo | J1: Tarea | K1: Control | L1: Repuestas. | M1: Estado Tarea | N1: Tipo de Hallazgo | O1: Detalle | P1: Resultado IA | Q1: Material Relacionado | R1: Confianza IA | S1: Justificación IA | T1: Descarga | U1: Estados Control | V1: Estados OK
A2: 39046 | B2: Correctivo | C2: CIUD | D2: Liberada | E2: No | F2: 46246 | G2: O | H2: FGV321 | I2: 1218 | J2: Agregar Aceite | K2: =VLOOKUP(A2,[1]Auditoría!$A$2:$L$120,11,FALSE) -> Falta Consumo | M2: Terminada | N2: 3) Planificado sin Salida física (Salidas = 0) | O2: Materiales planificados con Salida Cero: GRASA 62 X 20 KG, LAMPARA 24V 21W - NEOLUX, ACEITE 15W40 XV300 X 205LT (TAMBOR) | T2: 46248 | U2: 46247
A3: 39115 | B3: Correctivo | C3: CIUD | D3: Liberada | E3: No | F3: 46242 | G3: O | H3: AD367PX | I3: S.A.P.3E.71 | J3: Lubricar Carritos De Lonas Y Parantes | K3: Ok | M3: No iniciada | N3: 1) Orden sin repuestos asignados | O3: Ningún material cargado en la orden | T3: 46248
A4: 38694 | B4: Correctivo | C4: CIUD | D4: Liberada | E4: No | F4: 46235 | G4: O | H4: OIC419 | I4: ATRON 1720 | J4: Cambiar Lamparas 24V 5W Varias | K4: Falta Consumo | M4: Terminada | N4: 3) Planificado sin Salida física (Salidas = 0) | O4: Materiales planificados con Salida Cero: FUSIBLE 10 AMP - GENROD, LAMPARA 24V 5W (S/CULOTE) - NEOLUX | T4: 46248
A5: 38431 | B5: Correctivo | C5: SRAF | D5: Liberada | E5: No | F5: 46238 | G5: O | H5: LFK337 | I5: AXOR 2035 | J5: Agregar liquido refrigerante | K5: =VLOOKUP(A5,[1]Auditoría!$A$2:$L$120,11,FALSE) -> Falta Consumo | M5: No iniciada | N5: 3) Planificado sin Salida física (Salidas = 0) | O5: Materiales planificados con Salida Cero: LIQUIDO REFRIGERANTE KRIOX INORGANICO X 1000LTS, ACEITE 15W40 XV300 X 205LT (TAMBOR) | T5: 46248 | U5: 46247
A6: 38994 | B6: Correctivo | C6: SRAF | D6: Liberada | E6: No | F6: 46245 | G6: O | H6: BRJ211 | I6: 710 | J6: Cambiar Fusible 15 Amp | K6: Falta Consumo | M6: No iniciada | N6: 3) Planificado sin Salida física (Salidas = 0) | O6: Materiales planificados con Salida Cero: FUSIBLE 15 AMP - GENROD, RELAY 5 PATAS 12V | T6: 46248
A7: 39002 | B7: Correctivo | C7: SRAF | D7: Liberada | E7: No | F7: 46246 | G7: O | H7: KUF609 | I7: AXOR 1933 | J7: Cambiar sensor de presion de aceite | K7: Falta Consumo | M7: No iniciada | N7: 3) Planificado sin Salida física (Salidas = 0) | O7: Materiales planificados con Salida Cero: SENSOR DE PRESION DE ACEITE MB AXOR 1933 (A 011 153 92 28) ORIGINAL | T7: 46248 | U7: 46247
A8: 39128 | B8: Correctivo | C8: CIUD | D8: Liberada | E8: No | F8: 46244 | G8: O | H8: AF066NS | I8: TECTOR EVO 170E28 | J8: Cambiar Rueda Completa C/Llanta Delantera Der | K8: Falta Consumo | M8: No iniciada | N8: 3) Planificado sin Salida física (Salidas = 0) | O8: Materiales planificados con Salida Cero: CUBIERTA LINEAL 275 R22.5 - FATE | T8: 46248
A9: 38411 | B9: Correctivo | C9: MNZA | D9: Liberada | E9: No | F9: 46237 | G9: O | H9: LUW863 | I9: ACOPLADO BARANDA VOLC. 3 EJES | J9: Cambiar Cubierta 3DI | K9: =VLOOKUP(A9,[1]Auditoría!$A$2:$L$120,11,FALSE) -> Falta Consumo | M9: Terminada | N9: 3) Planificado sin Salida física (Salidas = 0) | O9: Materiales planificados con Salida Cero: RECAPADO NEUMATICO 295 | T9: 46248 | U9: 46247
A10: 38532 | B10: Preventivo | C10: SRAF | D10: Liberada | E10: No | F10: 46237 | G10: O | H10: KUF609 | I10: AXOR 1933 | J10: Cambio De Filtro Gas Oíl Y Trampa De Agua | K10: =VLOOKUP(A10,[1]Auditoría!$A$2:$L$120,11,FALSE) -> Falta Consumo | M10: No iniciada | N10: 3) Planificado sin Salida física (Salidas = 0) | O10: Materiales planificados con Salida Cero: FILTRO TRAMPA DE AGUA - WIX (WF 10288), FILTRO DE COMBUSTIBLE - MANN PU1046/1X | T10: 46248 | U10: 46247
A11: 39155 | B11: Correctivo | C11: CIUD | D11: Liberada | E11: No | F11: 46245 | G11: O | H11: AF461DA | I11: PALETERO S.PA.3E.71 2+1 | J11: Cambiar Fusible 10 Amp | K11: Falta Consumo | M11: No iniciada | N11: 3) Planificado sin Salida física (Salidas = 0) | O11: Materiales planificados con Salida Cero: FUSIBLE 10 AMP - GENROD | T11: 46248
A12: 39235 | B12: Correctivo | C12: CIUD | D12: Liberada | E12: No | F12: 46247 | G12: O | H12: AF118QB | I12: ATEGO 1729 | J12: Engrase tractor completo | K12: Falta Material (315) | M12: No iniciada | N12: 1) Orden sin repuestos asignados | O12: Ningún material cargado en la orden | T12: 46248
A13: 38964 | B13: Correctivo | C13: CIUD | D13: Cerrada | E13: No | F13: 46244 | G13: O | H13: KDG188 | I13: 1318 | J13: Engrase tractor completo | K13: =VLOOKUP(A13,[1]Auditoría!$A$2:$L$120,11,FALSE) -> Falta Material (315) | M13: Terminada | N13: 2) Falta material (IA) | O13: Tarea de lubricación sin material de grasa, aceite o refrigerante en la orden | T13: 46248 | U13: 46247
A14: 38534 | B14: Correctivo | C14: SRAF | D14: Liberada | E14: No | F14: 46239 | G14: O | H14: MQU466 | I14: SCANIA P360 A6X2 | J14: Cambiar junta de compresor de aire | K14: =VLOOKUP(A14,[1]Auditoría!$A$2:$L$120,11,FALSE) -> Falta Material | M14: No iniciada | N14: 1) Orden sin repuestos asignados | O14: Ningún material cargado en la orden | T14: 46248 | U14: 46247
A15: 39010 | B15: Correctivo | C15: SRAF | D15: Liberada | E15: No | F15: 46245 | G15: O | H15: IBB073 | I15: S PA 3E 71 | J15: Engrase Completo | K15: =VLOOKUP(A15,[1]Auditoría!$A$2:$L$120,11,FALSE) -> Falta Material | M15: No iniciada | N15: 1) Orden sin repuestos asignados | O15: Ningún material cargado en la orden | T15: 46248 | U15: 46247
A16: 38431 | B16: Correctivo | C16: SRAF | D16: Liberada | E16: No | F16: 46238 | G16: O | H16: LFK337 | I16: AXOR 2035 | J16: Colocar inyectores y bomba inyectora | K16: =VLOOKUP(A16,[1]Auditoría!$A$2:$L$120,11,FALSE) -> Falta Consumo | M16: No iniciada | N16: 3) Planificado sin Salida física (Salidas = 0) | O16: Materiales planificados con Salida Cero: LIQUIDO REFRIGERANTE KRIOX INORGANICO X 1000LTS, ACEITE 15W40 XV300 X 205LT (TAMBOR) | T16: 46248 | U16: 46247
A17: 38932 | B17: Correctivo | C17: CIUD | D17: Liberada | E17: No | F17: 46241 | G17: O | H17: AB320YW | I17: ATEGO 2426 | J17: Cambiar Lamparas 24V 21/5w Varias | K17: =VLOOKUP(A17,[1]Auditoría!$A$2:$L$120,11,FALSE) -> Falta Consumo | M17: Terminada | N17: 3) Planificado sin Salida física (Salidas = 0) | O17: Materiales planificados con Salida Cero: LAMPARA 24V 21W | T17: 46248 | U17: 46247
A18: 38936 | B18: Correctivo | C18: CIUD | D18: Cerrada | E18: No | F18: 46241 | G18: O | H18: AD426IJ | I18: AXOR 2541 | J18: Engraso Plato | K18: =VLOOKUP(A18,[1]Auditoría!$A$2:$L$120,11,FALSE) -> Falta Material (315) | M18: Terminada | N18: 1) Orden sin repuestos asignados | O18: Ningún material cargado en la orden | T18: 46248 | U18: 46247
A19: 38606 | B19: Correctivo | C19: SRAF | D19: Liberada | E19: No | F19: 46241 | G19: O | H19: KUF609 | I19: AXOR 1933 | J19: Agregar liquido refrigerante | K19: =VLOOKUP(A19,[1]Auditoría!$A$2:$L$120,11,FALSE) -> Falta Consumo | M19: No iniciada | N19: 3) Planificado sin Salida física (Salidas = 0) | O19: Materiales planificados con Salida Cero: FARO TRAS DER MB 2035 AXOR (A 002 544 12 90) - MARSTECH, LIQUIDO REFRIGERANTE KRIOX INORGANICO X 1000LTS | T19: 46248 | U19: 46247
A20: 38664 | B20: Correctivo | C20: CIUD | D20: Cerrada | E20: No | F20: 46237 | G20: O | H20: AD426HY | I20: AXOR 2541 | J20: Cambiar Lamparas 24V 21/5w Varias | K20: =VLOOKUP(A20,[1]Auditoría!$A$2:$L$120,11,FALSE) -> Falta Material | M20: Terminada | N20: 1) Orden sin repuestos asignados | O20: Ningún material cargado en la orden | T20: 46248 | U20: 46247
A21: 39130 | B21: Correctivo | C21: CIUD | D21: Liberada | E21: No | F21: 46244 | G21: O | H21: OHH591 | I21: ATRON 1720 | J21: Lubricar Carritos De Lonas Y Parantes | K21: Ok | M21: No iniciada | N21: 1) Orden sin repuestos asignados | O21: Ningún material cargado en la orden | T21: 46248
A22: 39151 | B22: Correctivo | C22: CIUD | D22: Liberada | E22: No | F22: 46245 | G22: O | H22: AD426IJ | I22: AXOR 2541 | J22: Cambiar lampara h3 24v | K22: Falta Material | M22: No iniciada | N22: 1) Orden sin repuestos asignados | O22: Ningún material cargado en la orden | T22: 46248
A23: 39233 | B23: Correctivo | C23: CIUD | D23: Liberada | E23: No | F23: 46247 | G23: O | H23: AF371BH | I23: PALETERO S.PA.3E.71 2+1 | J23: Cambiar Faro Led 1010E | K23: Falta Consumo | M23: Terminada | N23: 3) Planificado sin Salida física (Salidas = 0) | O23: Materiales planificados con Salida Cero: BALDE GRASA LUBRIGON X 20 KG, FARO LED COMPLETO (C/FICHA) BAIML 1010E (AMBAR) | T23: 46248
A24: 38860 | B24: Correctivo | C24: CIUD | D24: Liberada | E24: No | F24: 46239 | G24: O | H24: OJG098 | I24: ATEGO 1725 | J24: Cambiar lampara 5w 24v | K24: =VLOOKUP(A24,[1]Auditoría!$A$2:$L$120,11,FALSE) -> Falta Consumo | M24: Terminada | N24: 3) Planificado sin Salida física (Salidas = 0) | O24: Materiales planificados con Salida Cero: LAMPARA 24V 5W (S/CULOTE) | T24: 46248 | U24: 46247
A25: 38606 | B25: Correctivo | C25: SRAF | D25: Liberada | E25: No | F25: 46241 | G25: O | H25: KUF609 | I25: AXOR 1933 | J25: Agregar Aceite (Tractor) | K25: =VLOOKUP(A25,[1]Auditoría!$A$2:$L$120,11,FALSE) -> Falta Consumo | M25: No iniciada | N25: 3) Planificado sin Salida física (Salidas = 0) | O25: Materiales planificados con Salida Cero: FARO TRAS DER MB 2035 AXOR (A 002 544 12 90) - MARSTECH, LIQUIDO REFRIGERANTE KRIOX INORGANICO X 1000LTS | T25: 46248 | U25: 46247
A26: 39129 | B26: Correctivo | C26: CIUD | D26: Liberada | E26: No | F26: 46244 | G26: O | H26: AF642OU | I26: ATEGO 1721 | J26: Colocar Llave de 1 Punto | K26: Falta Consumo | M26: No iniciada | N26: 3) Planificado sin Salida física (Salidas = 0) | O26: Materiales planificados con Salida Cero: LLAVE 1 PUNTO T/M. BENZ | T26: 46248
A27: 39113 | B27: Correctivo | C27: CIUD | D27: Liberada | E27: No | F27: 46242 | G27: O | H27: AD426HX | I27: AXOR 2541 | J27: Cambiar comando levanta vidrio | K27: Falta Material | M27: No iniciada | N27: 1) Orden sin repuestos asignados | O27: Ningún material cargado en la orden | T27: 46248
A28: 38694 | B28: Correctivo | C28: CIUD | D28: Liberada | E28: No | F28: 46235 | G28: O | H28: OIC419 | I28: ATRON 1720 | J28: Cambiar Fusible 10 Amp | K28: Falta Consumo | M28: Terminada | N28: 3) Planificado sin Salida física (Salidas = 0) | O28: Materiales planificados con Salida Cero: FUSIBLE 10 AMP - GENROD, LAMPARA 24V 5W (S/CULOTE) - NEOLUX | T28: 46248
A29: 38441 | B29: Correctivo | C29: SRAF | D29: Liberada | E29: No | F29: 46238 | G29: O | H29: FQT894 | I29: 1620 | J29: Cambiar bombin de embrague | K29: =VLOOKUP(A29,[1]Auditoría!$A$2:$L$120,11,FALSE) -> Falta Consumo | M29: No iniciada | N29: 3) Planificado sin Salida física (Salidas = 0) | O29: Materiales planificados con Salida Cero: BOMBIN INFERIOR DE EMBRAGUE MB 1620 (A 386 295 72 07) - TRW | T29: 46248 | U29: 46247
A30: 38998 | B30: Correctivo | C30: CIUD | D30: Cerrada | E30: No | F30: 46245 | G30: O | H30: AF613YX | I30: TECTOR EVO 170E28 | J30: Lubricar Guia De Lona y Regulo | K30: Ok | M30: Terminada | N30: 2) Falta material (IA) | O30: Tarea de lubricación sin material de grasa, aceite o refrigerante en la orden | T30: 46248 | U30: 46247
A31: 38574 | B31: Preventivo | C31: CIUD | D31: Liberada | E31: No | F31: 46240 | G31: O | H31: AF743LB | I31: ATEGO 1729 | J31: Cambiar filtro de aire | K31: =VLOOKUP(A31,[1]Auditoría!$A$2:$L$120,11,FALSE) -> Falta Consumo | M31: Terminada | N31: 3) Planificado sin Salida física (Salidas = 0) | O31: Materiales planificados con Salida Cero: FILTRO DE AIRE MB 2426/AXOR 1933 - MANN C28 1012 | T31: 46248 | U31: 46247
A32: 38612 | B32: Correctivo | C32: SRAF | D32: Liberada | E32: No | F32: 46241 | G32: O | H32: OAF643 | I32: G310 | J32: Agregar Aceite (Tractor) | K32: =VLOOKUP(A32,[1]Auditoría!$A$2:$L$120,11,FALSE) -> Falta Material | M32: No iniciada | N32: 1) Orden sin repuestos asignados | O32: Ningún material cargado en la orden | T32: 46248 | U32: 46247
A33: 39046 | B33: Correctivo | C33: CIUD | D33: Liberada | E33: No | F33: 46246 | G33: O | H33: FGV321 | I33: 1218 | J33: Engrase tractor completo | K33: =VLOOKUP(A33,[1]Auditoría!$A$2:$L$120,11,FALSE) -> Falta Consumo | M33: Terminada | N33: 3) Planificado sin Salida física (Salidas = 0) | O33: Material de lubricante planificado con Salida Cero: GRASA 62 X 20 KG, ACEITE 15W40 XV300 X 205LT (TAMBOR) | T33: 46248 | U33: 46247
A34: 38411 | B34: Correctivo | C34: MNZA | D34: Liberada | E34: No | F34: 46237 | G34: O | H34: LUW863 | I34: ACOPLADO BARANDA VOLC. 3 EJES | J34: Cambiar Cubierta 3II | K34: =VLOOKUP(A34,[1]Auditoría!$A$2:$L$120,11,FALSE) -> Falta Consumo | M34: Terminada | N34: 3) Planificado sin Salida física (Salidas = 0) | O34: Materiales planificados con Salida Cero: RECAPADO NEUMATICO 295 | T34: 46248 | U34: 46247
A35: 38431 | B35: Correctivo | C35: SRAF | D35: Liberada | E35: No | F35: 46238 | G35: O | H35: LFK337 | I35: AXOR 2035 | J35: Agregar Aceite (Tractor) | K35: =VLOOKUP(A35,[1]Auditoría!$A$2:$L$120,11,FALSE) -> Falta Consumo | M35: No iniciada | N35: 3) Planificado sin Salida física (Salidas = 0) | O35: Materiales planificados con Salida Cero: LIQUIDO REFRIGERANTE KRIOX INORGANICO X 1000LTS, ACEITE 15W40 XV300 X 205LT (TAMBOR) | T35: 46248 | U35: 46247
A36: 38994 | B36: Correctivo | C36: SRAF | D36: Liberada | E36: No | F36: 46245 | G36: O | H36: BRJ211 | I36: 710 | J36: Cambiar relay | K36: Falta Consumo | M36: No iniciada | N36: 3) Planificado sin Salida física (Salidas = 0) | O36: Materiales planificados con Salida Cero: FUSIBLE 15 AMP - GENROD, RELAY 5 PATAS 12V | T36: 46248
A37: 39002 | B37: Correctivo | C37: SRAF | D37: Liberada | E37: No | F37: 46246 | G37: O | H37: KUF609 | I37: AXOR 1933 | J37: Engrase Completo | K37: Falta Consumo | M37: No iniciada | N37: 3) Planificado sin Salida física (Salidas = 0) | O37: Material de lubricante planificado con Salida Cero: SENSOR DE PRESION DE ACEITE MB AXOR 1933 (A 011 153 92 28) ORIGINAL | T37: 46248 | U37: 46247
A38: 39046 | B38: Correctivo | C38: CIUD | D38: Liberada | E38: No | F38: 46246 | G38: O | H38: FGV321 | I38: 1218 | J38: Cambiar lamparas | K38: =VLOOKUP(A38,[1]Auditoría!$A$2:$L$120,11,FALSE) -> Falta Consumo | M38: Terminada | N38: 3) Planificado sin Salida física (Salidas = 0) | O38: Materiales planificados con Salida Cero: GRASA 62 X 20 KG, LAMPARA 24V 21W - NEOLUX, ACEITE 15W40 XV300 X 205LT (TAMBOR) | T38: 46248 | U38: 46247
A39: 38531 | B39: Preventivo | C39: SRAF | D39: Liberada | E39: No | F39: 46239 | G39: O | H39: KUF609 | I39: AXOR 1933 | J39: Cambio De Aceite De Motor Y Filtro Aceite | K39: =VLOOKUP(A39,[1]Auditoría!$A$2:$L$120,11,FALSE) -> Falta Consumo | M39: No iniciada | N39: 3) Planificado sin Salida física (Salidas = 0) | O39: Materiales planificados con Salida Cero: FILTRO DE ACEITE 6 CILINDROS MB 1725/1726/1933/1624L/1721 OF ELECTRONICO - MANN HU 945/2x, ACEITE 15W40 XV300 X 205LT (TAMBOR) | T39: 46248 | U39: 46247
A40: 38612 | B40: Correctivo | C40: SRAF | D40: Liberada | E40: No | F40: 46241 | G40: O | H40: OAF643 | I40: G310 | J40: Engrase Completo | K40: =VLOOKUP(A40,[1]Auditoría!$A$2:$L$120,11,FALSE) -> Falta Material | M40: No iniciada | N40: 1) Orden sin repuestos asignados | O40: Ningún material cargado en la orden | T40: 46248 | U40: 46247
A41: 39063 | B41: Preventivo | C41: CIUD | D41: Liberada | E41: No | F41: 46247 | G41: O | H41: AD426IH | I41: AXOR 2541 | J41: Cambio De Aceite De Motor Y Filtro Aceite | K41: Falta Consumo | M41: Terminada | N41: 3) Planificado sin Salida física (Salidas = 0) | O41: Materiales planificados con Salida Cero: ACEITE 15W40 XV300 X 205LT (TAMBOR), FILTRO DE ACEITE MB AXOR 2036/2035 - MANN HU 12 110X | T41: 46248
A42: 39065 | B42: Preventivo | C42: CIUD | D42: Liberada | E42: No | F42: 46247 | G42: O | H42: AD426IH | I42: AXOR 2541 | J42: Cambiar filtro de aire | K42: Falta Consumo | M42: Terminada | N42: 3) Planificado sin Salida física (Salidas = 0) | O42: Materiales planificados con Salida Cero: FILTRO DE AIRE - MANN C 271320/1 | T42: 46248
A43: 39099 | B43: Correctivo | C43: CIUD | D43: Liberada | E43: No | F43: 46244 | G43: O | H43: AG095MQ | I43: ATEGO 1721 | J43: Cambio Fusible | K43: Falta Consumo | M43: No iniciada | N43: 3) Planificado sin Salida física (Salidas = 0) | O43: Materiales planificados con Salida Cero: FUSIBLE 10 AMP - GENROD | T43: 46248
A44: 38529 | B44: Correctivo | C44: MNZA | D44: Liberada | E44: No | F44: 46237 | G44: O | H44: LTS288 | I44: ATEGO 1725 | J44: Colocar inyectores y bomba inyectora | K44: Ok | M44: Terminada | N44: 1) Orden sin repuestos asignados | O44: Ningún material cargado en la orden | T44: 46248 | V44: Ok
A45: 38429 | B45: Correctivo | C45: SRAF | D45: Liberada | E45: No | F45: 46238 | G45: O | H45: OAF635 | I45: 16-BDAS. VOLC. 3 EJES | J45: Engrase Completo | K45: =VLOOKUP(A45,[1]Auditoría!$A$2:$L$120,11,FALSE) -> Falta Consumo | M45: No iniciada | N45: 3) Planificado sin Salida física (Salidas = 0) | O45: Material de lubricante planificado con Salida Cero: GRASA DE LITIO x 180KG | T45: 46248 | U45: 46247
A46: 39184 | B46: Correctivo | C46: CIUD | D46: Liberada | E46: No | F46: 46242 | G46: O | H46: OJG064 | I46: ATRON 1720 | J46: Cambiar Espejo Lado Der | K46: Falta Material | M46: No iniciada | N46: 1) Orden sin repuestos asignados | O46: Ningún material cargado en la orden | T46: 46248
A47: 39003 | B47: Correctivo | C47: SRAF | D47: Liberada | E47: No | F47: 46246 | G47: O | H47: AE700VS | I47: AXOR 2036 | J47: Agregar liquido refrigerante | K47: =VLOOKUP(A47,[1]Auditoría!$A$2:$L$120,11,FALSE) -> Falta Consumo | M47: No iniciada | N47: 3) Planificado sin Salida física (Salidas = 0) | O47: Materiales planificados con Salida Cero: LIQUIDO REFRIGERANTE KRIOX INORGANICO X 1000LTS, ACEITE 15W40 XV300 X 205LT (TAMBOR) | T47: 46248 | U47: 46247
A48: 38664 | B48: Correctivo | C48: CIUD | D48: Cerrada | E48: No | F48: 46237 | G48: O | H48: AD426HY | I48: AXOR 2541 | J48: Cambiar Lamparas 24V 5W Varias | K48: =VLOOKUP(A48,[1]Auditoría!$A$2:$L$120,11,FALSE) -> Falta Material | M48: Terminada | N48: 1) Orden sin repuestos asignados | O48: Ningún material cargado en la orden | T48: 46248 | U48: 46247
A49: 39044 | B49: Correctivo | C49: CIUD | D49: Liberada | E49: No | F49: 46246 | G49: O | H49: KMF921 | I49: FTHDCFW3 | J49: Cambiar lamparas | K49: =VLOOKUP(A49,[1]Auditoría!$A$2:$L$120,11,FALSE) -> Falta Consumo | M49: Terminada | N49: 3) Planificado sin Salida física (Salidas = 0) | O49: Materiales planificados con Salida Cero: ACOPLE RAPIDO RECTO DE 8MM, ACOPLE RÁPIDO RECTO DE 6MM (UNIVERSAL), BALDE GRASA LUBRIGON X 20 KG, ALAMBRE DULCE N°14 DE 2MM X KG, LAMPARA 24V 5W (C/CULOTE) - NEOLUX | T49: 46248 | U49: 46247
A50: 39064 | B50: Preventivo | C50: CIUD | D50: Liberada | E50: No | F50: 46247 | G50: O | H50: AD426IH | I50: AXOR 2541 | J50: Cambio De Filtro Gas Oíl Y Trampa De Agua | K50: Falta Consumo | M50: Terminada | N50: 3) Planificado sin Salida física (Salidas = 0) | O50: Materiales planificados con Salida Cero: FILTRO DE COMBUSTIBLE MANN PU999/1X, FILTRO TRAMPA DE AGUA MB 1933S (A 000 470 24 90) - RE160JQII - MARCA RAMA | T50: 46248
A51: 38989 | B51: Auxilios | C51: SRAF | D51: Liberada | E51: No | F51: 46239 | G51: O | H51: AE812EN | I51: SCANIA P410 A6X2 | J51: Cambiar ruleman de rueda trasera izquierda | K51: =VLOOKUP(A51,[1]Auditoría!$A$2:$L$120,11,FALSE) -> Falta Material | M51: Terminada | N51: 1) Orden sin repuestos asignados | O51: Ningún material cargado en la orden | T51: 46248 | U51: 46247
A52: 39044 | B52: Correctivo | C52: CIUD | D52: Liberada | E52: No | F52: 46246 | G52: O | H52: KMF921 | I52: FTHDCFW3 | J52: Coloco Barreros 1/2 Uso | K52: =VLOOKUP(A52,[1]Auditoría!$A$2:$L$120,11,FALSE) -> Falta Consumo | M52: Terminada | N52: 3) Planificado sin Salida física (Salidas = 0) | O52: Materiales planificados con Salida Cero: ACOPLE RAPIDO RECTO DE 8MM, ACOPLE RÁPIDO RECTO DE 6MM (UNIVERSAL), BALDE GRASA LUBRIGON X 20 KG, ALAMBRE DULCE N°14 DE 2MM X KG, LAMPARA 24V 5W (C/CULOTE) - NEOLUX | T52: 46248 | U52: 46247
A53: 38411 | B53: Correctivo | C53: MNZA | D53: Liberada | E53: No | F53: 46237 | G53: O | H53: LUW863 | I53: ACOPLADO BARANDA VOLC. 3 EJES | J53: Cambiar Cubierta 3DE | K53: =VLOOKUP(A53,[1]Auditoría!$A$2:$L$120,11,FALSE) -> Falta Consumo | M53: Terminada | N53: 3) Planificado sin Salida física (Salidas = 0) | O53: Materiales planificados con Salida Cero: RECAPADO NEUMATICO 295 | T53: 46248 | U53: 46247
A54: 38515 | B54: Correctivo | C54: CIUD | D54: Cerrada | E54: No | F54: 46238 | G54: O | H54: IDX163 | I54: AXOR 1933 | J54: Colocar Bombin de Embrague | K54: =VLOOKUP(A54,[1]Auditoría!$A$2:$L$120,11,FALSE) -> Falta Material | M54: Terminada | N54: 1) Orden sin repuestos asignados | O54: Ningún material cargado en la orden | T54: 46248 | U54: 46247
A55: 39178 | B55: Correctivo | C55: CIUD | D55: Liberada | E55: No | F55: 46240 | G55: O | H55: AD426HT | I55: AXOR 2541 | J55: Agregar liquido refrigerante | K55: Falta Consumo | M55: No iniciada | N55: 3) Planificado sin Salida física (Salidas = 0) | O55: Materiales planificados con Salida Cero: LIQUIDO REFRIGERANTE KRIOX INORGANICO X 1000LTS | T55: 46248
A56: 39003 | B56: Correctivo | C56: SRAF | D56: Liberada | E56: No | F56: 46246 | G56: O | H56: AE700VS | I56: AXOR 2036 | J56: Agregar Aceite (Tractor) | K56: =VLOOKUP(A56,[1]Auditoría!$A$2:$L$120,11,FALSE) -> Falta Consumo | M56: No iniciada | N56: 3) Planificado sin Salida física (Salidas = 0) | O56: Materiales planificados con Salida Cero: LIQUIDO REFRIGERANTE KRIOX INORGANICO X 1000LTS, ACEITE 15W40 XV300 X 205LT (TAMBOR) | T56: 46248 | U56: 46247
A57: 38608 | B57: Correctivo | C57: SRAF | D57: Liberada | E57: No | F57: 46241 | G57: O | H57: JHD034 | I57: 16-BDAS. VOLC. 3 EJES | J57: Engrase Completo | K57: =VLOOKUP(A57,[1]Auditoría!$A$2:$L$120,11,FALSE) -> Falta Material | M57: No iniciada | N57: 2) Falta material (IA) | O57: Tarea de lubricación sin material de grasa, aceite o refrigerante en la orden | T57: 46248 | U57: 46247
A58: 38772 | B58: Correctivo | C58: CIUD | D58: Cerrada | E58: No | F58: 46237 | G58: O | H58: OHH597 | I58: ATRON 1720 | J58: Cambio Lampara de Posicion | K58: =VLOOKUP(A58,[1]Auditoría!$A$2:$L$120,11,FALSE) -> Falta Material | M58: Terminada | N58: 1) Orden sin repuestos asignados | O58: Ningún material cargado en la orden | T58: 46248 | U58: 46247
A59: 39002 | B59: Correctivo | C59: SRAF | D59: Liberada | E59: No | F59: 46246 | G59: O | H59: KUF609 | I59: AXOR 1933 | J59: Cambiar Bulbo de Presión de Aceite | K59: Falta Consumo | M59: No iniciada | N59: 3) Planificado sin Salida física (Salidas = 0) | O59: Materiales planificados con Salida Cero: SENSOR DE PRESION DE ACEITE MB AXOR 1933 (A 011 153 92 28) ORIGINAL | T59: 46248 | U59: 46247
A60: 38610 | B60: Correctivo | C60: SRAF | D60: Liberada | E60: No | F60: 46241 | G60: O | H60: OAF642 | I60: G310 | J60: Agregar Aceite (Tractor) | K60: =VLOOKUP(A60,[1]Auditoría!$A$2:$L$120,11,FALSE) -> Falta Material | M60: No iniciada | N60: 1) Orden sin repuestos asignados | O60: Ningún material cargado en la orden | T60: 46248 | U60: 46247
A61: 39051 | B61: Correctivo | C61: CIUD | D61: Liberada | E61: No | F61: 46246 | G61: O | H61: AF613YZ | I61: TECTOR EVO 170E28 | J61: Engrase tractor completo | K61: =VLOOKUP(A61,[1]Auditoría!$A$2:$L$120,11,FALSE) -> Falta Consumo | M61: Terminada | N61: 3) Planificado sin Salida física (Salidas = 0) | O61: Material de lubricante planificado con Salida Cero: GRASA 62 X 20 KG | T61: 46248 | U61: 46247
A62: 38823 | B62: Correctivo | C62: CIUD | D62: Cerrada | E62: No | F62: 46238 | G62: O | H62: AF371BG | I62: PALETERO S.PA.3E.71 2+1 | J62: Cambio Acople y Manguera Espiralada de Aire | K62: =VLOOKUP(A62,[1]Auditoría!$A$2:$L$120,11,FALSE) -> Falta Material | M62: Terminada | N62: 1) Orden sin repuestos asignados | O62: Ningún material cargado en la orden | T62: 46248 | U62: 46247
A63: 39000 | B63: Correctivo | C63: CIUD | D63: Cerrada | E63: No | F63: 46245 | G63: O | H63: AF444TW | I63: TECTOR EVO 170E28 | J63: Engrasar Carritos de Lona | K63: =VLOOKUP(A63,[1]Auditoría!$A$2:$L$120,11,FALSE) -> Falta Material | M63: Terminada | N63: 2) Falta material (IA) | O63: Tarea de lubricación sin material de grasa, aceite o refrigerante en la orden | T63: 46248 | U63: 46247
A64: 38664 | B64: Correctivo | C64: CIUD | D64: Cerrada | E64: No | F64: 46237 | G64: O | H64: AD426HY | I64: AXOR 2541 | J64: Cambiar Faro Trasero Izq. | K64: =VLOOKUP(A64,[1]Auditoría!$A$2:$L$120,11,FALSE) -> Falta Material | M64: Terminada | N64: 1) Orden sin repuestos asignados | O64: Ningún material cargado en la orden | T64: 46248 | U64: 46247
A65: 39044 | B65: Correctivo | C65: CIUD | D65: Liberada | E65: No | F65: 46246 | G65: O | H65: KMF921 | I65: FTHDCFW3 | J65: Engrase Completo Semi | K65: =VLOOKUP(A65,[1]Auditoría!$A$2:$L$120,11,FALSE) -> Falta Consumo | M65: Terminada | N65: 3) Planificado sin Salida física (Salidas = 0) | O65: Material de lubricante planificado con Salida Cero: BALDE GRASA LUBRIGON X 20 KG | T65: 46248 | U65: 46247
A66: 38470 | B66: Correctivo | C66: CIUD | D66: Cerrada | E66: No | F66: 46238 | G66: O | H66: OAF640 | I66: G310 | J66: Limpieza y Engrase de Plato | K66: =VLOOKUP(A66,[1]Auditoría!$A$2:$L$120,11,FALSE) -> Falta Material (315) | M66: Terminada | N66: 2) Falta material (IA) | O66: Tarea de lubricación sin material de grasa, aceite o refrigerante en la orden | T66: 46248 | U66: 46247
A67: 38998 | B67: Correctivo | C67: CIUD | D67: Cerrada | E67: No | F67: 46245 | G67: O | H67: AF613YX | I67: TECTOR EVO 170E28 | J67: Engrase tractor completo | K67: =VLOOKUP(A67,[1]Auditoría!$A$2:$L$120,11,FALSE) -> FALTA MATERIAL | M67: Terminada | N67: 2) Falta material (IA) | O67: Tarea de lubricación sin material de grasa, aceite o refrigerante en la orden | T67: 46248 | U67: 46247
A68: 38606 | B68: Correctivo | C68: SRAF | D68: Liberada | E68: No | F68: 46241 | G68: O | H68: KUF609 | I68: AXOR 1933 | J68: Cambiar Faro Trasero | K68: =VLOOKUP(A68,[1]Auditoría!$A$2:$L$120,11,FALSE) -> Falta Consumo | M68: No iniciada | N68: 3) Planificado sin Salida física (Salidas = 0) | O68: Materiales planificados con Salida Cero: FARO TRAS DER MB 2035 AXOR (A 002 544 12 90) - MARSTECH, LIQUIDO REFRIGERANTE KRIOX INORGANICO X 1000LTS | T68: 46248 | U68: 46247
A69: 38610 | B69: Correctivo | C69: SRAF | D69: Liberada | E69: No | F69: 46241 | G69: O | H69: OAF642 | I69: G310 | J69: Engrase Completo | K69: =VLOOKUP(A69,[1]Auditoría!$A$2:$L$120,11,FALSE) -> Falta Material | M69: No iniciada | N69: 1) Orden sin repuestos asignados | O69: Ningún material cargado en la orden | T69: 46248 | U69: 46247
A70: 39233 | B70: Correctivo | C70: CIUD | D70: Liberada | E70: No | F70: 46247 | G70: O | H70: AF371BH | I70: PALETERO S.PA.3E.71 2+1 | J70: Engrase Completo Semi | K70: Falta Consumo | M70: Terminada | N70: 3) Planificado sin Salida física (Salidas = 0) | O70: Material de lubricante planificado con Salida Cero: BALDE GRASA LUBRIGON X 20 KG | T70: 46248
A71: 39044 | B71: Correctivo | C71: CIUD | D71: Liberada | E71: No | F71: 46246 | G71: O | H71: KMF921 | I71: FTHDCFW3 | J71: Cambiar Cubiertas 1/2 USO 2DE / 2DI Desarme y Arme | K71: =VLOOKUP(A71,[1]Auditoría!$A$2:$L$120,11,FALSE) -> Falta Consumo | M71: Terminada | N71: 3) Planificado sin Salida física (Salidas = 0) | O71: Materiales planificados con Salida Cero: ACOPLE RAPIDO RECTO DE 8MM, ACOPLE RÁPIDO RECTO DE 6MM (UNIVERSAL), BALDE GRASA LUBRIGON X 20 KG, ALAMBRE DULCE N°14 DE 2MM X KG, LAMPARA 24V 5W (C/CULOTE) - NEOLUX | T71: 46248 | U71: 46247
A72: 38373 | B72: Correctivo | C72: CIUD | D72: Cerrada | E72: No | F72: 46235 | H72: ESTRUCTURA BA | I72: ESTRUCTURA BUENOS AIRES | J72: Colocar Carteles a Rack de Pañol | K72: Ok Contabilizar Si Corresponde | M72: Terminada | N72: 1) Orden sin repuestos asignados | O72: Ningún material cargado en la orden | T72: 46248
A73: 38824 | B73: Correctivo | C73: CIUD | D73: Cerrada | E73: No | F73: 46238 | G73: O | H73: AF114FZ | I73: ATEGO 1729 | J73: Cambiar Lamparas 24V 21/5w Varias | K73: =VLOOKUP(A73,[1]Auditoría!$A$2:$L$120,11,FALSE) -> Falta Material | M73: Terminada | N73: 1) Orden sin repuestos asignados | O73: Ningún material cargado en la orden | T73: 46248 | U73: 46247
A74: 38386 | B74: Correctivo | C74: CIUD | D74: Cerrada | E74: No | F74: 46237 | G74: O | H74: GTE287 | I74: 1624 | J74: Múltiples repuestos | K74: =VLOOKUP(A74,[1]Auditoría!$A$2:$L$120,11,FALSE) -> Ok Contabilizar Si Corresponde | M74: Revisión | N74: 5) Materiales Repetidos | O74: Se cargó el mismo repuesto varias veces en la orden: 'LAMPARA 24V 5W (S/CULOTE) - NEOLUX' (2 veces). Revisar posibles duplicados. | T74: 46248 | U74: 46247
A75: 38600 | B75: Correctivo | C75: CIUD | D75: Liberada | E75: No | F75: 46241 | G75: O | H75: AF461DB | I75: PALETERO S.PA.3E.71 2+1 | J75: Múltiples repuestos | K75: =VLOOKUP(A75,[1]Auditoría!$A$2:$L$120,11,FALSE) -> Ok Contabilizar Si Corresponde | M75: Revisión | N75: 5) Materiales Repetidos | O75: Se cargó el mismo repuesto varias veces en la orden: 'REMACHE POP ALUMINIO DE 5MM DIAMETRO X 20MM LARGO' (2 veces). Revisar posibles duplicados. | T75: 46248 | U75: 46247
A76: 38557 | B76: Correctivo | C76: SRAF | D76: Liberada | E76: No | F76: 46240 | G76: O | H76: IDX164 | I76: AXOR 1933 | J76: Sin tarea que requiera material | K76: =VLOOKUP(A76,[1]Auditoría!$A$2:$L$120,11,FALSE) -> Falta Tarea | M76: N/A | N76: 4) Repuesto sin tarea (IA) | O76: Material "RELAY DE LUCES INDICADORAS MB AXOR 1933 (A 003 544 61 32) ORIGINAL" (Salidas: 1) cargado pero ninguna tarea requiere material | T76: 46248 | U76: 46247
A77: 38597 | B77: Correctivo | C77: SRAF | D77: Liberada | E77: No | F77: 46241 | G77: O | H77: HRJ002 | I77: 1318 | J77: Sin tarea que requiera material | K77: =VLOOKUP(A77,[1]Auditoría!$A$2:$L$120,11,FALSE) -> Falta Tarea | M77: N/A | N77: 4) Repuesto sin tarea (IA) | O77: Material "MICA BAIML 1035 COLOR CRISTAL (LED)" (Salidas: 2) cargado pero ninguna tarea requiere material | T77: 46248 | U77: 46247
A78: 38597 | B78: Correctivo | C78: SRAF | D78: Liberada | E78: No | F78: 46241 | G78: O | H78: HRJ002 | I78: 1318 | J78: Sin tarea que requiera material | K78: =VLOOKUP(A78,[1]Auditoría!$A$2:$L$120,11,FALSE) -> Falta Tarea | M78: N/A | N78: 4) Repuesto sin tarea (IA) | O78: Material "LAMPARA 24V 5W (C/CULOTE) - NEOLUX" (Salidas: 4) cargado pero ninguna tarea requiere material | T78: 46248 | U78: 46247
A79: 38597 | B79: Correctivo | C79: SRAF | D79: Liberada | E79: No | F79: 46241 | G79: O | H79: HRJ002 | I79: 1318 | J79: Sin tarea que requiera material | K79: =VLOOKUP(A79,[1]Auditoría!$A$2:$L$120,11,FALSE) -> Falta Tarea | M79: N/A | N79: 4) Repuesto sin tarea (IA) | O79: Material "FARO COLGANTE SIMPLE 1035/6" (Salidas: 4) cargado pero ninguna tarea requiere material | T79: 46248 | U79: 46247
A80: 38597 | B80: Correctivo | C80: SRAF | D80: Liberada | E80: No | F80: 46241 | G80: O | H80: HRJ002 | I80: 1318 | J80: Sin tarea que requiera material | K80: =VLOOKUP(A80,[1]Auditoría!$A$2:$L$120,11,FALSE) -> Falta Tarea | M80: N/A | N80: 4) Repuesto sin tarea (IA) | O80: Material "LAMPARA 24V PY21W" (Salidas: 6) cargado pero ninguna tarea requiere material | T80: 46248 | U80: 46247
A81: 38600 | B81: Correctivo | C81: CIUD | D81: Liberada | E81: No | F81: 46241 | G81: O | H81: AF461DB | I81: PALETERO S.PA.3E.71 2+1 | J81: Sin tarea asociada | K81: =VLOOKUP(A81,[1]Auditoría!$A$2:$L$120,11,FALSE) -> Ok Contabilizar Si Corresponde | M81: N/A | N81: 4) Repuesto sin tarea (IA) | O81: Material "REMACHE POP ALUMINIO DE 5MM DIAMETRO X 20MM LARGO" (Salidas: 20) no coincide con ninguna tarea de la orden | T81: 46248 | U81: 46247
A82: 38600 | B82: Correctivo | C82: CIUD | D82: Liberada | E82: No | F82: 46241 | G82: O | H82: AF461DB | I82: PALETERO S.PA.3E.71 2+1 | J82: Sin tarea asociada | K82: =VLOOKUP(A82,[1]Auditoría!$A$2:$L$120,11,FALSE) -> Ok Contabilizar Si Corresponde | M82: N/A | N82: 4) Repuesto sin tarea (IA) | O82: Material "REMACHE POP ALUMINIO DE 5MM DIAMETRO X 20MM LARGO" (Salidas: 5) no coincide con ninguna tarea de la orden | T82: 46248 | U82: 46247
A83: 38608 | B83: Correctivo | C83: SRAF | D83: Liberada | E83: No | F83: 46241 | G83: O | H83: JHD034 | I83: 16-BDAS. VOLC. 3 EJES | J83: Sin tarea asociada | K83: Ok Contabilizar Si Corresponde | M83: N/A | N83: 4) Repuesto sin tarea (IA) | O83: Material "ACOPLE RAPIDO RECTO DE 10MM" (Salidas: 1) no coincide con ninguna tarea de la orden | T83: 46248
A84: 38634 | B84: Correctivo | C84: CIUD | D84: Cerrada | E84: No | F84: 46242 | G84: O | H84: AD426HW | I84: AXOR 2541 | J84: Sin tarea asociada | K84: =VLOOKUP(A84,[1]Auditoría!$A$2:$L$120,11,FALSE) -> Ok | M84: N/A | N84: 4) Repuesto sin tarea (IA) | O84: Material "CATALIZADOR AKZONOBEL SIKKENS HARDENER P25 x 5 LTS" (Salidas: 1) no coincide con ninguna tarea de la orden | T84: 46248 | U84: 46247
A85: 38634 | B85: Correctivo | C85: CIUD | D85: Cerrada | E85: No | F85: 46242 | G85: O | H85: AD426HW | I85: AXOR 2541 | J85: Sin tarea asociada | K85: =VLOOKUP(A85,[1]Auditoría!$A$2:$L$120,11,FALSE) -> Ok | M85: N/A | N85: 4) Repuesto sin tarea (IA) | O85: Material "POLYFIBER SIKKENS X 1.5KG" (Salidas: 1) no coincide con ninguna tarea de la orden | T85: 46248 | U85: 46247
A86: 38970 | B86: Correctivo | C86: MNZA | D86: Liberada | E86: No | F86: 46242 | G86: O | H86: GKK500 | I86: 1624 | J86: Sin tarea asociada | K86: =VLOOKUP(A86,[1]Auditoría!$A$2:$L$120,11,FALSE) -> Ok | M86: N/A | N86: 4) Repuesto sin tarea (IA) | O86: Material "ACOPLE RAPIDO RECTO DE 8MM" (Salidas: 1) no coincide con ninguna tarea de la orden | T86: 46248 | U86: 46247
A87: 38974 | B87: Correctivo | C87: MNZA | D87: Liberada | E87: No | F87: 46244 | G87: O | H87: HRJ003 | I87: 1318 | J87: Sin tarea asociada | K87: Ok | M87: N/A | N87: 4) Repuesto sin tarea (IA) | O87: Material "SILOC FORMADOR DE JUNTA 8600 X 98GR" (Salidas: 1) no coincide con ninguna tarea de la orden | T87: 46248
A88: 38993 | B88: Auxilios | C88: MNZA | D88: Liberada | E88: No | F88: 46245 | G88: O | H88: AB696BS | I88: ATRON 1735 45 | J88: Sin tarea asociada | K88: Ok | M88: N/A | N88: 4) Repuesto sin tarea (IA) | O88: Material "CAÑO POLIAMIDA TECALAN DE 10MM X MTS" (Salidas: 0.2) no coincide con ninguna tarea de la orden | T88: 46248
A89: 38996 | B89: Correctivo | C89: CIUD | D89: Cerrada | E89: No | F89: 46245 | G89: O | H89: AF066NZ | I89: TECTOR EVO 170E28 | J89: Sin tarea asociada | K89: =VLOOKUP(A89,[1]Auditoría!$A$2:$L$120,11,FALSE) -> Ok | M89: N/A | N89: 4) Repuesto sin tarea (IA) | O89: Material "REMACHE POP ALUMINIO DE 5MM DIAMETRO X 20MM LARGO" (Salidas: 20) no coincide con ninguna tarea de la orden | T89: 46248 | U89: 46247
A90: 39000 | B90: Correctivo | C90: CIUD | D90: Cerrada | E90: No | F90: 46245 | G90: O | H90: AF444TW | I90: TECTOR EVO 170E28 | J90: Sin tarea asociada | K90: =VLOOKUP(A90,[1]Auditoría!$A$2:$L$120,11,FALSE) -> Falta Tarea | M90: N/A | N90: 4) Repuesto sin tarea (IA) | O90: Material "CARRO ROMA 172 BL Ø38" (Salidas: 2) no coincide con ninguna tarea de la orden | T90: 46248 | U90: 46247
A91: 39004 | B91: Insumo | C91: MNZA | D91: Liberada | E91: No | F91: 46245 | H91: ESTRUCTURA MZ | I91: ESTRUCTURA MENDOZA | J91: Sin tarea que requiera material | K91: Falta Tarea (Ver es estructura) | M91: N/A | N91: 4) Repuesto sin tarea (IA) | O91: Material "KIT DE REPARACION DE COMPRESOR DE AIRE (85MM) MB ATEGO 1725/1419 - PELLACANI (2003111)" (Salidas: 2) cargado pero ninguna tarea requiere material | T91: 46248 | U91: 46247
A92: 39004 | B92: Insumo | C92: MNZA | D92: Liberada | E92: No | F92: 46245 | H92: ESTRUCTURA MZ | I92: ESTRUCTURA MENDOZA | J92: Sin tarea que requiera material | K92: Ok | M92: N/A | N92: 4) Repuesto sin tarea (IA) | O92: Material "THINNER X 18LT" (Salidas: 14) cargado pero ninguna tarea requiere material | T92: 46248 | U92: 46247
A93: 39058 | B93: Correctivo | C93: CIUD | D93: Liberada | E93: No | F93: 46247 | G93: O | H93: GOX957 | I93: 1624 | J93: Sin tarea asociada | K93: Falta Tarea | M93: N/A | N93: 4) Repuesto sin tarea (IA) | O93: Material "PASAMANOS PARA TECHO DE CAMION" (Salidas: 1) no coincide con ninguna tarea de la orden | T93: 46248
A94: 39058 | B94: Correctivo | C94: CIUD | D94: Liberada | E94: No | F94: 46247 | G94: O | H94: GOX957 | I94: 1624 | J94: Sin tarea asociada | K94: Falta Tarea | M94: N/A | N94: 4) Repuesto sin tarea (IA) | O94: Material "DIAFRAGMA DE FRENO N°16 COPA ALTA - BINS" (Salidas: 1) no coincide con ninguna tarea de la orden | T94: 46248
